,Date,Weather,TempF,TempC,Location
0,2019-01-01,Partly cloudy,82,28,Coimbatore
1,2019-01-02,Partly cloudy,81,27,Coimbatore
2,2019-01-03,Partly cloudy,82,28,Coimbatore
3,2019-01-04,Partly cloudy,83,28,Coimbatore
4,2019-01-05,Partly cloudy,83,28,Coimbatore
5,2019-01-06,Partly cloudy,83,28,Coimbatore
6,2019-01-07,Partly cloudy,83,29,Coimbatore
7,2019-01-08,Partly cloudy,86,30,Coimbatore
8,2019-01-09,Sunny,85,30,Coimbatore
9,2019-01-10,Partly cloudy,85,30,Coimbatore
10,2019-01-11,Patchy rain possible,86,30,Coimbatore
11,2019-01-12,Patchy rain possible,86,30,Coimbatore
12,2019-01-13,Partly cloudy,86,30,Coimbatore
13,2019-01-14,Light drizzle,86,30,Coimbatore
14,2019-01-15,Partly cloudy,87,30,Coimbatore
15,2019-01-16,Sunny,86,30,Coimbatore
16,2019-01-17,Partly cloudy,85,30,Coimbatore
17,2019-01-18,Patchy rain possible,85,30,Coimbatore
18,2019-01-19,Partly cloudy,87,31,Coimbatore
19,2019-01-20,Sunny,86,30,Coimbatore
20,2019-01-21,Sunny,85,30,Coimbatore
21,2019-01-22,Partly cloudy,86,30,Coimbatore
22,2019-01-23,Patchy rain possible,87,31,Coimbatore
23,2019-01-24,Partly cloudy,88,31,Coimbatore
24,2019-01-25,Patchy rain possible,86,30,Coimbatore
25,2019-01-26,Light rain shower,87,30,Coimbatore
26,2019-01-27,Light rain shower,86,30,Coimbatore
27,2019-01-28,Light rain shower,87,30,Coimbatore
28,2019-01-29,Light rain shower,84,29,Coimbatore
29,2019-01-30,Light rain shower,84,29,Coimbatore
30,2019-01-31,Light rain shower,83,29,Coimbatore
31,2019-02-01,Patchy rain possible,84,29,Coimbatore
32,2019-02-02,Cloudy,86,30,Coimbatore
33,2019-02-03,Partly cloudy,88,31,Coimbatore
34,2019-02-04,Patchy rain possible,89,31,Coimbatore
35,2019-02-05,Patchy rain possible,89,32,Coimbatore
36,2019-02-06,Partly cloudy,89,32,Coimbatore
37,2019-02-07,Partly cloudy,90,32,Coimbatore
38,2019-02-08,Partly cloudy,91,33,Coimbatore
39,2019-02-09,Partly cloudy,92,33,Coimbatore
40,2019-02-10,Light rain shower,90,32,Coimbatore
41,2019-02-11,Light rain shower,87,31,Coimbatore
42,2019-02-12,Patchy rain possible,87,31,Coimbatore
43,2019-02-13,Partly cloudy,89,32,Coimbatore
44,2019-02-14,Patchy rain possible,90,32,Coimbatore
45,2019-02-15,Partly cloudy,90,32,Coimbatore
46,2019-02-16,Patchy rain possible,92,34,Coimbatore
47,2019-02-17,Partly cloudy,94,34,Coimbatore
48,2019-02-18,Partly cloudy,96,35,Coimbatore
49,2019-02-19,Moderate or heavy rain shower,91,33,Coimbatore
50,2019-02-20,Patchy rain possible,91,33,Coimbatore
51,2019-02-21,Partly cloudy,91,33,Coimbatore
52,2019-02-22,Sunny,91,33,Coimbatore
53,2019-02-23,Partly cloudy,92,33,Coimbatore
54,2019-02-24,Partly cloudy,94,34,Coimbatore
55,2019-02-25,Sunny,94,35,Coimbatore
56,2019-02-26,Partly cloudy,99,37,Coimbatore
57,2019-02-27,Partly cloudy,94,35,Coimbatore
58,2019-02-28,Cloudy,97,36,Coimbatore
59,2019-03-01,Patchy rain possible,96,36,Coimbatore
60,2019-03-02,Patchy rain possible,92,34,Coimbatore
61,2019-03-03,Partly cloudy,93,34,Coimbatore
62,2019-03-04,Partly cloudy,95,35,Coimbatore
63,2019-03-05,Partly cloudy,99,37,Coimbatore
64,2019-03-06,Patchy rain possible,98,37,Coimbatore
65,2019-03-07,Partly cloudy,102,39,Coimbatore
66,2019-03-08,Partly cloudy,98,37,Coimbatore
67,2019-03-09,Patchy rain possible,96,36,Coimbatore
68,2019-03-10,Patchy rain possible,95,35,Coimbatore
69,2019-03-11,Patchy rain possible,95,35,Coimbatore
70,2019-03-12,Partly cloudy,95,35,Coimbatore
71,2019-03-13,Partly cloudy,95,35,Coimbatore
72,2019-03-14,Partly cloudy,95,35,Coimbatore
73,2019-03-15,Partly cloudy,95,35,Coimbatore
74,2019-03-16,Partly cloudy,93,34,Coimbatore
75,2019-03-17,Partly cloudy,94,34,Coimbatore
76,2019-03-18,Partly cloudy,95,35,Coimbatore
77,2019-03-19,Partly cloudy,96,36,Coimbatore
78,2019-03-20,Partly cloudy,96,36,Coimbatore
79,2019-03-21,Partly cloudy,97,36,Coimbatore
80,2019-03-22,Partly cloudy,97,36,Coimbatore
81,2019-03-23,Partly cloudy,97,36,Coimbatore
82,2019-03-24,Partly cloudy,99,37,Coimbatore
83,2019-03-25,Partly cloudy,98,37,Coimbatore
84,2019-03-26,Partly cloudy,97,36,Coimbatore
85,2019-03-27,Partly cloudy,98,36,Coimbatore
86,2019-03-28,Partly cloudy,100,38,Coimbatore
87,2019-03-29,Partly cloudy,98,37,Coimbatore
88,2019-03-30,Partly cloudy,99,37,Coimbatore
89,2019-03-31,Partly cloudy,102,39,Coimbatore
90,2019-04-01,Partly cloudy,101,38,Coimbatore
91,2019-04-02,Partly cloudy,100,38,Coimbatore
92,2019-04-03,Partly cloudy,100,38,Coimbatore
93,2019-04-04,Partly cloudy,98,37,Coimbatore
94,2019-04-05,Partly cloudy,99,37,Coimbatore
95,2019-04-06,Partly cloudy,100,38,Coimbatore
96,2019-04-07,Partly cloudy,100,38,Coimbatore
97,2019-04-08,Patchy rain possible,100,38,Coimbatore
98,2019-04-09,Partly cloudy,101,38,Coimbatore
99,2019-04-10,Partly cloudy,100,38,Coimbatore
100,2019-04-11,Patchy rain possible,101,38,Coimbatore
101,2019-04-12,Partly cloudy,101,39,Coimbatore
102,2019-04-13,Partly cloudy,101,38,Coimbatore
103,2019-04-14,Partly cloudy,100,38,Coimbatore
104,2019-04-15,Partly cloudy,104,40,Coimbatore
105,2019-04-16,Patchy rain possible,101,39,Coimbatore
106,2019-04-17,Patchy light rain,99,37,Coimbatore
107,2019-04-18,Patchy rain possible,101,38,Coimbatore
108,2019-04-19,Partly cloudy,101,38,Coimbatore
109,2019-04-20,Light rain shower,99,37,Coimbatore
110,2019-04-21,Partly cloudy,95,35,Coimbatore
111,2019-04-22,Patchy rain possible,99,37,Coimbatore
112,2019-04-23,Moderate or heavy rain shower,96,36,Coimbatore
113,2019-04-24,Light rain shower,96,35,Coimbatore
114,2019-04-25,Partly cloudy,98,37,Coimbatore
115,2019-04-26,Patchy rain possible,100,38,Coimbatore
116,2019-04-27,Partly cloudy,100,38,Coimbatore
117,2019-04-28,Patchy rain possible,101,38,Coimbatore
118,2019-04-29,Partly cloudy,97,36,Coimbatore
119,2019-04-30,Partly cloudy,96,35,Coimbatore
120,2019-05-01,Thundery outbreaks possible,91,33,Coimbatore
121,2019-05-02,Partly cloudy,94,35,Coimbatore
122,2019-05-03,Partly cloudy,94,35,Coimbatore
123,2019-05-04,Patchy rain possible,94,35,Coimbatore
124,2019-05-05,Partly cloudy,97,36,Coimbatore
125,2019-05-06,Patchy rain possible,99,37,Coimbatore
126,2019-05-07,Partly cloudy,91,33,Coimbatore
127,2019-05-08,Partly cloudy,94,34,Coimbatore
128,2019-05-09,Patchy rain possible,96,35,Coimbatore
129,2019-05-10,Partly cloudy,100,38,Coimbatore
130,2019-05-11,Thundery outbreaks possible,97,36,Coimbatore
131,2019-05-12,Partly cloudy,93,34,Coimbatore
132,2019-05-13,Partly cloudy,91,33,Coimbatore
133,2019-05-14,Thundery outbreaks possible,95,35,Coimbatore
134,2019-05-15,Partly cloudy,96,36,Coimbatore
135,2019-05-16,Partly cloudy,97,36,Coimbatore
136,2019-05-17,Partly cloudy,97,36,Coimbatore
137,2019-05-18,Thundery outbreaks possible,100,38,Coimbatore
138,2019-05-19,Partly cloudy,101,39,Coimbatore
139,2019-05-20,Partly cloudy,99,37,Coimbatore
140,2019-05-21,Partly cloudy,100,38,Coimbatore
141,2019-05-22,Partly cloudy,98,36,Coimbatore
142,2019-05-23,Partly cloudy,96,36,Coimbatore
143,2019-05-24,Partly cloudy,97,36,Coimbatore
144,2019-05-25,Partly cloudy,95,35,Coimbatore
145,2019-05-26,Partly cloudy,94,35,Coimbatore
146,2019-05-27,Partly cloudy,97,36,Coimbatore
147,2019-05-28,Partly cloudy,99,37,Coimbatore
148,2019-05-29,Partly cloudy,97,36,Coimbatore
149,2019-05-30,Partly cloudy,95,35,Coimbatore
150,2019-05-31,Patchy rain possible,91,33,Coimbatore
151,2019-06-01,Partly cloudy,92,34,Coimbatore
152,2019-06-02,Patchy light drizzle,91,33,Coimbatore
153,2019-06-03,Partly cloudy,93,34,Coimbatore
154,2019-06-04,Partly cloudy,94,34,Coimbatore
155,2019-06-05,Partly cloudy,94,35,Coimbatore
156,2019-06-06,Partly cloudy,92,33,Coimbatore
157,2019-06-07,Partly cloudy,94,34,Coimbatore
158,2019-06-08,Moderate rain at times,93,34,Coimbatore
159,2019-06-09,Partly cloudy,93,34,Coimbatore
160,2019-06-10,Light drizzle,87,31,Coimbatore
161,2019-06-11,Cloudy,88,31,Coimbatore
162,2019-06-12,Patchy rain possible,88,31,Coimbatore
163,2019-06-13,Cloudy,86,30,Coimbatore
164,2019-06-14,Partly cloudy,90,32,Coimbatore
165,2019-06-15,Patchy rain possible,91,33,Coimbatore
166,2019-06-16,Patchy rain possible,92,33,Coimbatore
167,2019-06-17,Patchy rain possible,91,33,Coimbatore
168,2019-06-18,Partly cloudy,92,33,Coimbatore
169,2019-06-19,Patchy rain possible,90,32,Coimbatore
170,2019-06-20,Patchy rain possible,89,32,Coimbatore
171,2019-06-21,Light rain shower,80,27,Coimbatore
172,2019-06-22,Patchy rain possible,85,29,Coimbatore
173,2019-06-23,Patchy rain possible,88,31,Coimbatore
174,2019-06-24,Patchy rain possible,90,32,Coimbatore
175,2019-06-25,Patchy rain possible,91,33,Coimbatore
176,2019-06-26,Patchy rain possible,91,33,Coimbatore
177,2019-06-27,Patchy rain possible,91,33,Coimbatore
178,2019-06-28,Partly cloudy,91,33,Coimbatore
179,2019-06-29,Partly cloudy,90,32,Coimbatore
180,2019-06-30,Partly cloudy,89,32,Coimbatore
181,2019-07-01,Cloudy,91,33,Coimbatore
182,2019-07-02,Partly cloudy,89,32,Coimbatore
183,2019-07-03,Partly cloudy,89,32,Coimbatore
184,2019-07-04,Patchy rain possible,88,31,Coimbatore
185,2019-07-05,Partly cloudy,88,31,Coimbatore
186,2019-07-06,Partly cloudy,87,30,Coimbatore
187,2019-07-07,Partly cloudy,89,32,Coimbatore
188,2019-07-08,Patchy rain possible,91,33,Coimbatore
189,2019-07-09,Patchy rain possible,91,33,Coimbatore
190,2019-07-10,Light rain shower,91,33,Coimbatore
191,2019-07-11,Patchy rain possible,92,33,Coimbatore
192,2019-07-12,Partly cloudy,92,34,Coimbatore
193,2019-07-13,Patchy rain possible,92,34,Coimbatore
194,2019-07-14,Patchy rain possible,91,33,Coimbatore
195,2019-07-15,Moderate or heavy rain shower,90,32,Coimbatore
196,2019-07-16,Light rain shower,88,31,Coimbatore
197,2019-07-17,Torrential rain shower,88,31,Coimbatore
198,2019-07-18,Moderate or heavy rain shower,87,30,Coimbatore
199,2019-07-19,Light rain shower,79,26,Coimbatore
200,2019-07-20,Patchy rain possible,85,29,Coimbatore
201,2019-07-21,Light rain shower,84,29,Coimbatore
202,2019-07-22,Heavy rain,74,24,Coimbatore
203,2019-07-23,Light rain shower,83,28,Coimbatore
204,2019-07-24,Light rain shower,86,30,Coimbatore
205,2019-07-25,Patchy rain possible,86,30,Coimbatore
206,2019-07-26,Light rain shower,83,28,Coimbatore
207,2019-07-27,Cloudy,86,30,Coimbatore
208,2019-07-28,Patchy rain possible,87,30,Coimbatore
209,2019-07-29,Patchy rain possible,86,30,Coimbatore
210,2019-07-30,Patchy rain possible,88,31,Coimbatore
211,2019-07-31,Patchy rain possible,89,32,Coimbatore
212,2019-08-01,Partly cloudy,88,31,Coimbatore
213,2019-08-02,Partly cloudy,86,30,Coimbatore
214,2019-08-03,Partly cloudy,86,30,Coimbatore
215,2019-08-04,Partly cloudy,87,31,Coimbatore
216,2019-08-05,Partly cloudy,86,30,Coimbatore
217,2019-08-06,Patchy rain possible,80,27,Coimbatore
218,2019-08-07,Patchy light drizzle,79,26,Coimbatore
219,2019-08-08,Light rain shower,78,26,Coimbatore
220,2019-08-09,Patchy rain possible,78,26,Coimbatore
221,2019-08-10,Patchy rain possible,83,29,Coimbatore
222,2019-08-11,Light rain shower,87,31,Coimbatore
223,2019-08-12,Patchy rain possible,87,31,Coimbatore
224,2019-08-13,Patchy rain possible,81,27,Coimbatore
225,2019-08-14,Heavy rain,77,25,Coimbatore
226,2019-08-15,Patchy rain possible,87,30,Coimbatore
227,2019-08-16,Moderate or heavy rain shower,86,30,Coimbatore
228,2019-08-17,Light rain shower,80,27,Coimbatore
229,2019-08-18,Light rain shower,83,28,Coimbatore
230,2019-08-19,Light rain shower,84,29,Coimbatore
231,2019-08-20,Torrential rain shower,86,30,Coimbatore
232,2019-08-21,Light rain,82,28,Coimbatore
233,2019-08-22,Patchy rain possible,79,26,Coimbatore
234,2019-08-23,Light rain shower,82,28,Coimbatore
235,2019-08-24,Overcast,83,28,Coimbatore
236,2019-08-25,Light rain shower,82,28,Coimbatore
237,2019-08-26,Patchy rain possible,82,28,Coimbatore
238,2019-08-27,Patchy light drizzle,82,28,Coimbatore
239,2019-08-28,Patchy rain possible,83,28,Coimbatore
240,2019-08-29,Patchy rain possible,87,30,Coimbatore
241,2019-08-30,Patchy rain possible,85,29,Coimbatore
242,2019-08-31,Partly cloudy,86,30,Coimbatore
243,2019-09-01,Partly cloudy,84,29,Coimbatore
244,2019-09-02,Light drizzle,82,28,Coimbatore
245,2019-09-03,Patchy rain possible,85,30,Coimbatore
246,2019-09-04,Partly cloudy,84,29,Coimbatore
247,2019-09-05,Patchy rain possible,87,31,Coimbatore
248,2019-09-06,Partly cloudy,87,31,Coimbatore
249,2019-09-07,Partly cloudy,86,30,Coimbatore
250,2019-09-08,Partly cloudy,88,31,Coimbatore
251,2019-09-09,Partly cloudy,88,31,Coimbatore
252,2019-09-10,Patchy rain possible,89,32,Coimbatore
253,2019-09-11,Light rain shower,89,32,Coimbatore
254,2019-09-12,Light rain shower,87,31,Coimbatore
255,2019-09-13,Patchy rain possible,89,32,Coimbatore
256,2019-09-14,Patchy rain possible,89,31,Coimbatore
257,2019-09-15,Light rain shower,89,32,Coimbatore
258,2019-09-16,Patchy rain possible,88,31,Coimbatore
259,2019-09-17,Patchy rain possible,88,31,Coimbatore
260,2019-09-18,Patchy rain possible,86,30,Coimbatore
261,2019-09-19,Patchy rain possible,88,31,Coimbatore
262,2019-09-20,Patchy rain possible,88,31,Coimbatore
263,2019-09-21,Moderate or heavy rain shower,90,32,Coimbatore
264,2019-09-22,Light rain shower,82,28,Coimbatore
265,2019-09-23,Moderate or heavy rain shower,86,30,Coimbatore
266,2019-09-24,Moderate or heavy rain shower,85,29,Coimbatore
267,2019-09-25,Light rain shower,88,31,Coimbatore
268,2019-09-26,Light rain shower,83,29,Coimbatore
269,2019-09-27,Cloudy,86,30,Coimbatore
270,2019-09-28,Moderate or heavy rain shower,88,31,Coimbatore
271,2019-09-29,Patchy rain possible,86,30,Coimbatore
272,2019-09-30,Torrential rain shower,86,30,Coimbatore
273,2019-10-01,Patchy rain possible,89,31,Coimbatore
274,2019-10-02,Patchy rain possible,89,32,Coimbatore
275,2019-10-03,Moderate rain,84,29,Coimbatore
276,2019-10-04,Patchy rain possible,88,31,Coimbatore
277,2019-10-05,Patchy rain possible,90,32,Coimbatore
278,2019-10-06,Light rain shower,87,30,Coimbatore
279,2019-10-07,Patchy rain possible,89,32,Coimbatore
280,2019-10-08,Patchy rain possible,90,32,Coimbatore
281,2019-10-09,Patchy rain possible,89,32,Coimbatore
282,2019-10-10,Patchy rain possible,89,31,Coimbatore
283,2019-10-11,Moderate or heavy rain shower,89,31,Coimbatore
284,2019-10-12,Moderate or heavy rain shower,87,31,Coimbatore
285,2019-10-13,Moderate or heavy rain shower,86,30,Coimbatore
286,2019-10-14,Light rain shower,87,31,Coimbatore
287,2019-10-15,Torrential rain shower,85,29,Coimbatore
288,2019-10-16,Torrential rain shower,85,30,Coimbatore
289,2019-10-17,Moderate or heavy rain shower,80,26,Coimbatore
290,2019-10-18,Torrential rain shower,83,29,Coimbatore
291,2019-10-19,Torrential rain shower,84,29,Coimbatore
292,2019-10-20,Moderate or heavy rain shower,85,29,Coimbatore
293,2019-10-21,Moderate or heavy rain shower,81,27,Coimbatore
294,2019-10-22,Light rain,75,24,Coimbatore
295,2019-10-23,Moderate or heavy rain shower,81,27,Coimbatore
296,2019-10-24,Moderate rain,74,24,Coimbatore
297,2019-10-25,Patchy rain possible,79,26,Coimbatore
298,2019-10-26,Light rain shower,85,30,Coimbatore
299,2019-10-27,Light rain shower,84,29,Coimbatore
300,2019-10-28,Light rain shower,83,29,Coimbatore
301,2019-10-29,Moderate or heavy rain shower,82,28,Coimbatore
302,2019-10-30,Moderate or heavy rain shower,78,26,Coimbatore
303,2019-10-31,Torrential rain shower,79,26,Coimbatore
304,2019-11-01,Patchy rain possible,85,30,Coimbatore
305,2019-11-02,Moderate or heavy rain shower,83,29,Coimbatore
306,2019-11-03,Light rain shower,83,29,Coimbatore
307,2019-11-04,Patchy rain possible,83,29,Coimbatore
308,2019-11-05,Light rain shower,85,29,Coimbatore
309,2019-11-06,Light rain shower,85,30,Coimbatore
310,2019-11-07,Patchy rain possible,84,29,Coimbatore
311,2019-11-08,Torrential rain shower,84,29,Coimbatore
312,2019-11-09,Torrential rain shower,84,29,Coimbatore
313,2019-11-10,Torrential rain shower,83,29,Coimbatore
314,2019-11-11,Torrential rain shower,83,28,Coimbatore
315,2019-11-12,Light rain shower,80,27,Coimbatore
316,2019-11-13,Patchy rain possible,81,27,Coimbatore
317,2019-11-14,Patchy rain possible,81,27,Coimbatore
318,2019-11-15,Light rain shower,82,28,Coimbatore
319,2019-11-16,Light rain shower,82,28,Coimbatore
320,2019-11-17,Light rain shower,83,28,Coimbatore
321,2019-11-18,Patchy rain possible,83,28,Coimbatore
322,2019-11-19,Light rain shower,84,29,Coimbatore
323,2019-11-20,Moderate or heavy rain shower,83,28,Coimbatore
324,2019-11-21,Moderate or heavy rain shower,81,27,Coimbatore
325,2019-11-22,Light rain shower,80,27,Coimbatore
326,2019-11-23,Light rain shower,80,27,Coimbatore
327,2019-11-24,Patchy rain possible,79,26,Coimbatore
328,2019-11-25,Light rain shower,80,27,Coimbatore
329,2019-11-26,Partly cloudy,79,26,Coimbatore
330,2019-11-27,Light rain shower,80,27,Coimbatore
331,2019-11-28,Moderate or heavy rain shower,82,28,Coimbatore
332,2019-11-29,Moderate or heavy rain shower,81,27,Coimbatore
333,2019-11-30,Moderate or heavy rain shower,82,28,Coimbatore
334,2019-12-01,Moderate or heavy rain shower,80,27,Coimbatore
335,2019-12-02,Torrential rain shower,77,25,Coimbatore
336,2019-12-03,Light rain shower,78,25,Coimbatore
337,2019-12-04,Light rain shower,79,26,Coimbatore
338,2019-12-05,Partly cloudy,78,25,Coimbatore
339,2019-12-06,Partly cloudy,78,25,Coimbatore
340,2019-12-07,Light rain shower,80,26,Coimbatore
341,2019-12-08,Light rain shower,79,26,Coimbatore
342,2019-12-09,Patchy rain possible,78,26,Coimbatore
343,2019-12-10,Partly cloudy,79,26,Coimbatore
344,2019-12-11,Cloudy,78,26,Coimbatore
345,2019-12-12,Partly cloudy,80,27,Coimbatore
346,2019-12-13,Patchy rain possible,80,27,Coimbatore
347,2019-12-14,Moderate or heavy rain shower,79,26,Coimbatore
348,2019-12-15,Partly cloudy,80,27,Coimbatore
349,2019-12-16,Partly cloudy,81,27,Coimbatore
350,2019-12-17,Partly cloudy,78,26,Coimbatore
351,2019-12-18,Patchy rain possible,78,26,Coimbatore
352,2019-12-19,Patchy rain possible,79,26,Coimbatore
353,2019-12-20,Patchy rain possible,79,26,Coimbatore
354,2019-12-21,Patchy rain possible,80,26,Coimbatore
355,2019-12-22,Patchy rain possible,80,27,Coimbatore
356,2019-12-23,Partly cloudy,80,27,Coimbatore
357,2019-12-24,Light rain shower,78,26,Coimbatore
358,2019-12-25,Light rain shower,77,25,Coimbatore
359,2019-12-26,Patchy rain possible,79,26,Coimbatore
360,2019-12-27,Overcast,79,26,Coimbatore
361,2019-12-28,Cloudy,78,25,Coimbatore
362,2019-12-29,Partly cloudy,81,27,Coimbatore
363,2019-12-30,Cloudy,81,27,Coimbatore
364,2019-12-31,Light rain shower,81,27,Coimbatore
365,2020-01-01,Light rain shower,82,28,Coimbatore
366,2020-01-02,Light rain shower,83,28,Coimbatore
367,2020-01-03,Light rain shower,85,30,Coimbatore
368,2020-01-04,Patchy rain possible,86,30,Coimbatore
369,2020-01-05,Light rain shower,85,30,Coimbatore
370,2020-01-06,Patchy rain possible,83,28,Coimbatore
371,2020-01-07,Light rain shower,84,29,Coimbatore
372,2020-01-08,Partly cloudy,84,29,Coimbatore
373,2020-01-09,Cloudy,83,28,Coimbatore
374,2020-01-10,Patchy rain possible,82,28,Coimbatore
375,2020-01-11,Sunny,82,28,Coimbatore
376,2020-01-12,Sunny,82,28,Coimbatore
377,2020-01-13,Partly cloudy,85,29,Coimbatore
378,2020-01-14,Partly cloudy,84,29,Coimbatore
379,2020-01-15,Partly cloudy,83,28,Coimbatore
380,2020-01-16,Partly cloudy,83,28,Coimbatore
381,2020-01-17,Partly cloudy,86,30,Coimbatore
382,2020-01-18,Light rain shower,86,30,Coimbatore
383,2020-01-19,Light rain shower,85,30,Coimbatore
384,2020-01-20,Partly cloudy,87,30,Coimbatore
385,2020-01-21,Partly cloudy,87,31,Coimbatore
386,2020-01-22,Partly cloudy,87,31,Coimbatore
387,2020-01-23,Light rain shower,84,29,Coimbatore
388,2020-01-24,Partly cloudy,87,31,Coimbatore
389,2020-01-25,Sunny,88,31,Coimbatore
390,2020-01-26,Sunny,88,31,Coimbatore
391,2020-01-27,Partly cloudy,90,32,Coimbatore
392,2020-01-28,Partly cloudy,91,33,Coimbatore
393,2020-01-29,Partly cloudy,90,32,Coimbatore
394,2020-01-30,Partly cloudy,90,32,Coimbatore
395,2020-01-31,Partly cloudy,90,32,Coimbatore
396,2020-02-01,Partly cloudy,89,31,Coimbatore
397,2020-02-02,Patchy rain possible,88,31,Coimbatore
398,2020-02-03,Patchy rain possible,87,30,Coimbatore
399,2020-02-04,Patchy rain possible,88,31,Coimbatore
400,2020-02-05,Light rain shower,87,31,Coimbatore
401,2020-02-06,Partly cloudy,89,31,Coimbatore
402,2020-02-07,Partly cloudy,88,31,Coimbatore
403,2020-02-08,Partly cloudy,92,33,Coimbatore
404,2020-02-09,Patchy rain possible,87,31,Coimbatore
405,2020-02-10,Light rain shower,88,31,Coimbatore
406,2020-02-11,Partly cloudy,87,31,Coimbatore
407,2020-02-12,Partly cloudy,85,29,Coimbatore
408,2020-02-13,Light rain shower,90,32,Coimbatore
409,2020-02-14,Partly cloudy,91,33,Coimbatore
410,2020-02-15,Partly cloudy,93,34,Coimbatore
411,2020-02-16,Partly cloudy,91,33,Coimbatore
412,2020-02-17,Sunny,90,32,Coimbatore
413,2020-02-18,Sunny,90,32,Coimbatore
414,2020-02-19,Partly cloudy,90,32,Coimbatore
415,2020-02-20,Sunny,91,33,Coimbatore
416,2020-02-21,Partly cloudy,91,33,Coimbatore
417,2020-02-22,Cloudy,90,32,Coimbatore
418,2020-02-23,Partly cloudy,91,33,Coimbatore
419,2020-02-24,Patchy rain possible,93,34,Coimbatore
420,2020-02-25,Partly cloudy,93,34,Coimbatore
421,2020-02-26,Partly cloudy,92,34,Coimbatore
422,2020-02-27,Overcast,92,33,Coimbatore
423,2020-02-28,Patchy rain possible,92,34,Coimbatore
424,2020-03-01,Cloudy,91,33,Coimbatore
425,2020-03-02,Patchy rain possible,94,34,Coimbatore
426,2020-03-03,Cloudy,96,35,Coimbatore
427,2020-03-04,Moderate or heavy rain shower,91,33,Coimbatore
428,2020-03-05,Moderate or heavy rain shower,91,33,Coimbatore
429,2020-03-06,Patchy rain possible,91,33,Coimbatore
430,2020-03-07,Light rain shower,90,32,Coimbatore
431,2020-03-08,Light rain shower,92,33,Coimbatore
432,2020-03-09,Light rain shower,92,34,Coimbatore
433,2020-03-10,Partly cloudy,93,34,Coimbatore
434,2020-03-11,Partly cloudy,94,34,Coimbatore
435,2020-03-12,Partly cloudy,93,34,Coimbatore
436,2020-03-13,Partly cloudy,94,35,Coimbatore
437,2020-03-14,Partly cloudy,95,35,Coimbatore
438,2020-03-15,Partly cloudy,93,34,Coimbatore
439,2020-03-16,Partly cloudy,94,34,Coimbatore
440,2020-03-17,Partly cloudy,96,35,Coimbatore
441,2020-03-18,Partly cloudy,96,36,Coimbatore
442,2020-03-19,Partly cloudy,98,36,Coimbatore
443,2020-03-20,Patchy rain possible,99,37,Coimbatore
444,2020-03-21,Moderate or heavy rain shower,96,36,Coimbatore
445,2020-03-22,Partly cloudy,97,36,Coimbatore
446,2020-03-23,Patchy rain possible,93,34,Coimbatore
447,2020-03-24,Partly cloudy,96,36,Coimbatore
448,2020-03-25,Partly cloudy,96,36,Coimbatore
449,2020-03-26,Partly cloudy,95,35,Coimbatore
450,2020-03-27,Partly cloudy,94,35,Coimbatore
451,2020-03-28,Partly cloudy,96,36,Coimbatore
452,2020-03-29,Sunny,98,37,Coimbatore
453,2020-03-30,Partly cloudy,99,37,Coimbatore
454,2020-03-31,Sunny,98,37,Coimbatore
455,2020-04-01,Partly cloudy,100,38,Coimbatore
456,2020-04-02,Partly cloudy,101,38,Coimbatore
457,2020-04-03,Partly cloudy,100,38,Coimbatore
458,2020-04-04,Sunny,99,37,Coimbatore
459,2020-04-05,Partly cloudy,99,37,Coimbatore
460,2020-04-06,Partly cloudy,100,38,Coimbatore
461,2020-04-07,Partly cloudy,96,36,Coimbatore
462,2020-04-08,Light rain shower,97,36,Coimbatore
463,2020-04-09,Patchy rain possible,97,36,Coimbatore
464,2020-04-10,Patchy rain possible,91,33,Coimbatore
465,2020-04-11,Partly cloudy,95,35,Coimbatore
466,2020-04-12,Partly cloudy,96,36,Coimbatore
467,2020-04-13,Partly cloudy,98,37,Coimbatore
468,2020-04-14,Sunny,99,37,Coimbatore
469,2020-04-15,Partly cloudy,98,37,Coimbatore
470,2020-04-16,Partly cloudy,99,37,Coimbatore
471,2020-04-17,Patchy rain possible,100,38,Coimbatore
472,2020-04-18,Patchy rain possible,101,38,Coimbatore
473,2020-04-19,Partly cloudy,100,38,Coimbatore
474,2020-04-20,Patchy rain possible,100,38,Coimbatore
475,2020-04-21,Partly cloudy,100,38,Coimbatore
476,2020-04-22,Partly cloudy,101,38,Coimbatore
477,2020-04-23,Partly cloudy,101,39,Coimbatore
478,2020-04-24,Patchy rain possible,96,36,Coimbatore
479,2020-04-25,Patchy rain possible,100,38,Coimbatore
480,2020-04-26,Patchy rain possible,97,36,Coimbatore
481,2020-04-27,Moderate or heavy rain shower,100,38,Coimbatore
482,2020-04-28,Partly cloudy,99,37,Coimbatore
483,2020-04-29,Patchy rain possible,90,32,Coimbatore
484,2020-04-30,Partly cloudy,94,35,Coimbatore
485,2020-05-01,Partly cloudy,98,37,Coimbatore
486,2020-05-02,Patchy rain possible,98,36,Coimbatore
487,2020-05-03,Partly cloudy,98,37,Coimbatore
488,2020-05-04,Partly cloudy,101,38,Coimbatore
489,2020-05-05,Partly cloudy,101,38,Coimbatore
490,2020-05-06,Partly cloudy,100,38,Coimbatore
491,2020-05-07,Partly cloudy,101,39,Coimbatore
492,2020-05-08,Partly cloudy,100,38,Coimbatore
493,2020-05-09,Partly cloudy,102,39,Coimbatore
494,2020-05-10,Partly cloudy,101,38,Coimbatore
495,2020-05-11,Patchy rain possible,100,38,Coimbatore
496,2020-05-12,Patchy rain possible,99,37,Coimbatore
497,2020-05-13,Partly cloudy,99,37,Coimbatore
498,2020-05-14,Patchy rain possible,97,36,Coimbatore
499,2020-05-15,Patchy rain possible,101,39,Coimbatore
500,2020-05-16,Patchy rain possible,95,35,Coimbatore
501,2020-05-17,Patchy rain possible,98,37,Coimbatore
502,2020-05-18,Patchy rain possible,86,30,Coimbatore
503,2020-05-19,Partly cloudy,92,34,Coimbatore
504,2020-05-20,Patchy rain possible,94,35,Coimbatore
505,2020-05-21,Patchy rain possible,95,35,Coimbatore
506,2020-05-22,Partly cloudy,96,36,Coimbatore
507,2020-05-23,Partly cloudy,92,33,Coimbatore
508,2020-05-24,Torrential rain shower,98,37,Coimbatore
509,2020-05-25,Moderate or heavy rain shower,96,36,Coimbatore
510,2020-05-26,Moderate or heavy rain shower,97,36,Coimbatore
511,2020-05-27,Torrential rain shower,96,36,Coimbatore
512,2020-05-28,Patchy light rain with thunder,96,36,Coimbatore
513,2020-05-29,Patchy rain possible,91,33,Coimbatore
514,2020-05-30,Patchy rain possible,91,33,Coimbatore
515,2020-05-31,Patchy rain possible,96,36,Coimbatore
516,2020-06-01,Patchy rain possible,92,33,Coimbatore
517,2020-06-02,Patchy light rain,86,30,Coimbatore
518,2020-06-03,Partly cloudy,89,32,Coimbatore
519,2020-06-04,Partly cloudy,91,33,Coimbatore
520,2020-06-05,Patchy rain possible,91,33,Coimbatore
521,2020-06-06,Moderate or heavy rain shower,85,30,Coimbatore
522,2020-06-07,Patchy light drizzle,80,27,Coimbatore
523,2020-06-08,Patchy rain possible,91,33,Coimbatore
524,2020-06-09,Patchy rain possible,93,34,Coimbatore
525,2020-06-10,Patchy rain possible,91,33,Coimbatore
526,2020-06-11,Patchy rain possible,89,32,Coimbatore
527,2020-06-12,Partly cloudy,85,30,Coimbatore
528,2020-06-13,Partly cloudy,92,33,Coimbatore
529,2020-06-14,Partly cloudy,89,32,Coimbatore
530,2020-06-15,Partly cloudy,90,32,Coimbatore
531,2020-06-16,Partly cloudy,89,32,Coimbatore
532,2020-06-17,Partly cloudy,87,30,Coimbatore
533,2020-06-18,Partly cloudy,91,33,Coimbatore
534,2020-06-19,Partly cloudy,92,33,Coimbatore
535,2020-06-20,Partly cloudy,92,33,Coimbatore
536,2020-06-21,Patchy rain possible,91,33,Coimbatore
537,2020-06-22,Patchy rain possible,89,32,Coimbatore
538,2020-06-23,Partly cloudy,86,30,Coimbatore
539,2020-06-24,Patchy rain possible,88,31,Coimbatore
540,2020-06-25,Patchy rain possible,90,32,Coimbatore
541,2020-06-26,Patchy rain possible,90,32,Coimbatore
542,2020-06-27,Patchy rain possible,91,33,Coimbatore
543,2020-06-28,Patchy rain possible,90,32,Coimbatore
544,2020-06-29,Patchy rain possible,91,33,Coimbatore
545,2020-06-30,Patchy rain possible,89,32,Coimbatore
