,Date,Weather,TempF,TempC,Location
0,2019-01-01,Sunny,84,29,Hyderabad
1,2019-01-02,Sunny,86,30,Hyderabad
2,2019-01-03,Sunny,89,32,Hyderabad
3,2019-01-04,Sunny,85,30,Hyderabad
4,2019-01-05,Sunny,85,29,Hyderabad
5,2019-01-06,Partly cloudy,83,28,Hyderabad
6,2019-01-07,Partly cloudy,84,29,Hyderabad
7,2019-01-08,Sunny,84,29,Hyderabad
8,2019-01-09,Sunny,89,32,Hyderabad
9,2019-01-10,Sunny,87,31,Hyderabad
10,2019-01-11,Partly cloudy,83,29,Hyderabad
11,2019-01-12,Partly cloudy,84,29,Hyderabad
12,2019-01-13,Partly cloudy,83,29,Hyderabad
13,2019-01-14,Partly cloudy,84,29,Hyderabad
14,2019-01-15,Partly cloudy,84,29,Hyderabad
15,2019-01-16,Sunny,87,31,Hyderabad
16,2019-01-17,Partly cloudy,89,32,Hyderabad
17,2019-01-18,Partly cloudy,87,31,Hyderabad
18,2019-01-19,Partly cloudy,85,29,Hyderabad
19,2019-01-20,Sunny,87,31,Hyderabad
20,2019-01-21,Sunny,86,30,Hyderabad
21,2019-01-22,Partly cloudy,87,31,Hyderabad
22,2019-01-23,Partly cloudy,87,31,Hyderabad
23,2019-01-24,Partly cloudy,86,30,Hyderabad
24,2019-01-25,Light drizzle,81,27,Hyderabad
25,2019-01-26,Moderate or heavy rain shower,83,28,Hyderabad
26,2019-01-27,Moderate or heavy rain shower,77,25,Hyderabad
27,2019-01-28,Light rain shower,75,24,Hyderabad
28,2019-01-29,Partly cloudy,78,26,Hyderabad
29,2019-01-30,Sunny,84,29,Hyderabad
30,2019-01-31,Partly cloudy,80,27,Hyderabad
31,2019-02-01,Partly cloudy,83,28,Hyderabad
32,2019-02-02,Partly cloudy,83,29,Hyderabad
33,2019-02-03,Partly cloudy,83,28,Hyderabad
34,2019-02-04,Partly cloudy,84,29,Hyderabad
35,2019-02-05,Partly cloudy,86,30,Hyderabad
36,2019-02-06,Partly cloudy,87,31,Hyderabad
37,2019-02-07,Cloudy,88,31,Hyderabad
38,2019-02-08,Light rain shower,83,28,Hyderabad
39,2019-02-09,Partly cloudy,88,31,Hyderabad
40,2019-02-10,Partly cloudy,89,32,Hyderabad
41,2019-02-11,Cloudy,84,29,Hyderabad
42,2019-02-12,Partly cloudy,86,30,Hyderabad
43,2019-02-13,Partly cloudy,88,31,Hyderabad
44,2019-02-14,Partly cloudy,91,33,Hyderabad
45,2019-02-15,Partly cloudy,91,33,Hyderabad
46,2019-02-16,Partly cloudy,93,34,Hyderabad
47,2019-02-17,Partly cloudy,92,34,Hyderabad
48,2019-02-18,Partly cloudy,95,35,Hyderabad
49,2019-02-19,Partly cloudy,94,34,Hyderabad
50,2019-02-20,Partly cloudy,92,33,Hyderabad
51,2019-02-21,Partly cloudy,93,34,Hyderabad
52,2019-02-22,Partly cloudy,96,35,Hyderabad
53,2019-02-23,Partly cloudy,98,37,Hyderabad
54,2019-02-24,Partly cloudy,98,37,Hyderabad
55,2019-02-25,Partly cloudy,96,36,Hyderabad
56,2019-02-26,Partly cloudy,97,36,Hyderabad
57,2019-02-27,Patchy rain possible,94,35,Hyderabad
58,2019-02-28,Partly cloudy,92,33,Hyderabad
59,2019-03-01,Patchy rain possible,91,33,Hyderabad
60,2019-03-02,Partly cloudy,90,32,Hyderabad
61,2019-03-03,Cloudy,91,33,Hyderabad
62,2019-03-04,Partly cloudy,97,36,Hyderabad
63,2019-03-05,Partly cloudy,96,36,Hyderabad
64,2019-03-06,Sunny,97,36,Hyderabad
65,2019-03-07,Partly cloudy,100,38,Hyderabad
66,2019-03-08,Partly cloudy,97,36,Hyderabad
67,2019-03-09,Partly cloudy,99,37,Hyderabad
68,2019-03-10,Partly cloudy,101,38,Hyderabad
69,2019-03-11,Partly cloudy,95,35,Hyderabad
70,2019-03-12,Partly cloudy,94,34,Hyderabad
71,2019-03-13,Partly cloudy,96,36,Hyderabad
72,2019-03-14,Partly cloudy,98,37,Hyderabad
73,2019-03-15,Partly cloudy,99,37,Hyderabad
74,2019-03-16,Partly cloudy,96,36,Hyderabad
75,2019-03-17,Partly cloudy,96,35,Hyderabad
76,2019-03-18,Partly cloudy,99,37,Hyderabad
77,2019-03-19,Partly cloudy,99,37,Hyderabad
78,2019-03-20,Partly cloudy,94,35,Hyderabad
79,2019-03-21,Partly cloudy,97,36,Hyderabad
80,2019-03-22,Partly cloudy,95,35,Hyderabad
81,2019-03-23,Partly cloudy,95,35,Hyderabad
82,2019-03-24,Partly cloudy,97,36,Hyderabad
83,2019-03-25,Partly cloudy,100,38,Hyderabad
84,2019-03-26,Partly cloudy,98,37,Hyderabad
85,2019-03-27,Partly cloudy,100,38,Hyderabad
86,2019-03-28,Partly cloudy,104,40,Hyderabad
87,2019-03-29,Partly cloudy,104,40,Hyderabad
88,2019-03-30,Partly cloudy,107,42,Hyderabad
89,2019-03-31,Partly cloudy,104,40,Hyderabad
90,2019-04-01,Partly cloudy,108,42,Hyderabad
91,2019-04-02,Partly cloudy,105,41,Hyderabad
92,2019-04-03,Partly cloudy,101,39,Hyderabad
93,2019-04-04,Partly cloudy,97,36,Hyderabad
94,2019-04-05,Patchy rain possible,102,39,Hyderabad
95,2019-04-06,Partly cloudy,104,40,Hyderabad
96,2019-04-07,Partly cloudy,103,39,Hyderabad
97,2019-04-08,Partly cloudy,100,38,Hyderabad
98,2019-04-09,Partly cloudy,100,38,Hyderabad
99,2019-04-10,Partly cloudy,100,38,Hyderabad
100,2019-04-11,Partly cloudy,103,39,Hyderabad
101,2019-04-12,Patchy rain possible,105,41,Hyderabad
102,2019-04-13,Partly cloudy,104,40,Hyderabad
103,2019-04-14,Partly cloudy,105,40,Hyderabad
104,2019-04-15,Partly cloudy,105,41,Hyderabad
105,2019-04-16,Partly cloudy,105,40,Hyderabad
106,2019-04-17,Partly cloudy,100,38,Hyderabad
107,2019-04-18,Partly cloudy,101,39,Hyderabad
108,2019-04-19,Partly cloudy,100,38,Hyderabad
109,2019-04-20,Patchy rain possible,99,37,Hyderabad
110,2019-04-21,Patchy rain possible,99,37,Hyderabad
111,2019-04-22,Partly cloudy,99,37,Hyderabad
112,2019-04-23,Partly cloudy,100,38,Hyderabad
113,2019-04-24,Partly cloudy,104,40,Hyderabad
114,2019-04-25,Partly cloudy,108,42,Hyderabad
115,2019-04-26,Partly cloudy,106,41,Hyderabad
116,2019-04-27,Partly cloudy,106,41,Hyderabad
117,2019-04-28,Partly cloudy,106,41,Hyderabad
118,2019-04-29,Partly cloudy,106,41,Hyderabad
119,2019-04-30,Partly cloudy,103,40,Hyderabad
120,2019-05-01,Patchy rain possible,104,40,Hyderabad
121,2019-05-02,Partly cloudy,106,41,Hyderabad
122,2019-05-03,Partly cloudy,103,39,Hyderabad
123,2019-05-04,Partly cloudy,104,40,Hyderabad
124,2019-05-05,Partly cloudy,104,40,Hyderabad
125,2019-05-06,Partly cloudy,109,43,Hyderabad
126,2019-05-07,Partly cloudy,106,41,Hyderabad
127,2019-05-08,Partly cloudy,107,41,Hyderabad
128,2019-05-09,Partly cloudy,106,41,Hyderabad
129,2019-05-10,Partly cloudy,110,43,Hyderabad
130,2019-05-11,Partly cloudy,104,40,Hyderabad
131,2019-05-12,Partly cloudy,103,39,Hyderabad
132,2019-05-13,Partly cloudy,105,40,Hyderabad
133,2019-05-14,Partly cloudy,105,41,Hyderabad
134,2019-05-15,Partly cloudy,110,43,Hyderabad
135,2019-05-16,Patchy rain possible,109,43,Hyderabad
136,2019-05-17,Partly cloudy,107,42,Hyderabad
137,2019-05-18,Partly cloudy,109,43,Hyderabad
138,2019-05-19,Partly cloudy,111,44,Hyderabad
139,2019-05-20,Partly cloudy,107,42,Hyderabad
140,2019-05-21,Partly cloudy,106,41,Hyderabad
141,2019-05-22,Partly cloudy,106,41,Hyderabad
142,2019-05-23,Partly cloudy,103,40,Hyderabad
143,2019-05-24,Partly cloudy,109,43,Hyderabad
144,2019-05-25,Patchy light rain with thunder,102,39,Hyderabad
145,2019-05-26,Partly cloudy,112,45,Hyderabad
146,2019-05-27,Partly cloudy,112,44,Hyderabad
147,2019-05-28,Partly cloudy,112,45,Hyderabad
148,2019-05-29,Partly cloudy,114,45,Hyderabad
149,2019-05-30,Partly cloudy,111,44,Hyderabad
150,2019-05-31,Heavy rain at times,102,39,Hyderabad
151,2019-06-01,Moderate or heavy rain shower,104,40,Hyderabad
152,2019-06-02,Patchy rain possible,106,41,Hyderabad
153,2019-06-03,Partly cloudy,105,41,Hyderabad
154,2019-06-04,Thundery outbreaks possible,104,40,Hyderabad
155,2019-06-05,Partly cloudy,108,42,Hyderabad
156,2019-06-06,Patchy rain possible,110,43,Hyderabad
157,2019-06-07,Partly cloudy,112,44,Hyderabad
158,2019-06-08,Patchy rain possible,101,38,Hyderabad
159,2019-06-09,Patchy rain possible,101,38,Hyderabad
160,2019-06-10,Light rain shower,102,39,Hyderabad
161,2019-06-11,Partly cloudy,101,39,Hyderabad
162,2019-06-12,Partly cloudy,96,36,Hyderabad
163,2019-06-13,Partly cloudy,98,37,Hyderabad
164,2019-06-14,Cloudy,95,35,Hyderabad
165,2019-06-15,Partly cloudy,98,37,Hyderabad
166,2019-06-16,Partly cloudy,98,37,Hyderabad
167,2019-06-17,Heavy rain at times,92,33,Hyderabad
168,2019-06-18,Partly cloudy,97,36,Hyderabad
169,2019-06-19,Patchy rain possible,97,36,Hyderabad
170,2019-06-20,Moderate or heavy rain shower,94,35,Hyderabad
171,2019-06-21,Moderate or heavy rain shower,89,32,Hyderabad
172,2019-06-22,Moderate or heavy rain shower,82,28,Hyderabad
173,2019-06-23,Light rain shower,88,31,Hyderabad
174,2019-06-24,Moderate or heavy rain shower,90,32,Hyderabad
175,2019-06-25,Torrential rain shower,90,32,Hyderabad
176,2019-06-26,Moderate or heavy rain shower,90,32,Hyderabad
177,2019-06-27,Moderate or heavy rain shower,91,33,Hyderabad
178,2019-06-28,Torrential rain shower,88,31,Hyderabad
179,2019-06-29,Heavy rain,77,25,Hyderabad
180,2019-06-30,Light rain shower,78,25,Hyderabad
181,2019-07-01,Moderate rain at times,80,27,Hyderabad
182,2019-07-02,Light rain shower,80,27,Hyderabad
183,2019-07-03,Patchy rain possible,79,26,Hyderabad
184,2019-07-04,Light rain shower,88,31,Hyderabad
185,2019-07-05,Light rain,87,30,Hyderabad
186,2019-07-06,Light rain shower,85,30,Hyderabad
187,2019-07-07,Light rain shower,84,29,Hyderabad
188,2019-07-08,Light rain shower,89,32,Hyderabad
189,2019-07-09,Light rain shower,87,31,Hyderabad
190,2019-07-10,Patchy rain possible,89,31,Hyderabad
191,2019-07-11,Light rain shower,87,30,Hyderabad
192,2019-07-12,Light rain shower,87,30,Hyderabad
193,2019-07-13,Torrential rain shower,88,31,Hyderabad
194,2019-07-14,Light rain shower,84,29,Hyderabad
195,2019-07-15,Moderate or heavy rain shower,87,31,Hyderabad
196,2019-07-16,Moderate or heavy rain shower,86,30,Hyderabad
197,2019-07-17,Moderate or heavy rain shower,89,31,Hyderabad
198,2019-07-18,Torrential rain shower,88,31,Hyderabad
199,2019-07-19,Light rain shower,82,28,Hyderabad
200,2019-07-20,Moderate or heavy rain shower,87,31,Hyderabad
201,2019-07-21,Patchy rain possible,89,32,Hyderabad
202,2019-07-22,Moderate or heavy rain shower,90,32,Hyderabad
203,2019-07-23,Light rain shower,86,30,Hyderabad
204,2019-07-24,Patchy rain possible,86,30,Hyderabad
205,2019-07-25,Moderate or heavy rain shower,83,28,Hyderabad
206,2019-07-26,Moderate or heavy rain shower,76,25,Hyderabad
207,2019-07-27,Light rain shower,74,24,Hyderabad
208,2019-07-28,Torrential rain shower,75,24,Hyderabad
209,2019-07-29,Heavy rain,75,24,Hyderabad
210,2019-07-30,Light drizzle,77,25,Hyderabad
211,2019-07-31,Moderate or heavy rain shower,83,28,Hyderabad
212,2019-08-01,Moderate or heavy rain shower,82,28,Hyderabad
213,2019-08-02,Heavy rain,73,23,Hyderabad
214,2019-08-03,Heavy rain,73,23,Hyderabad
215,2019-08-04,Light rain shower,77,25,Hyderabad
216,2019-08-05,Light rain shower,80,27,Hyderabad
217,2019-08-06,Moderate or heavy rain shower,78,26,Hyderabad
218,2019-08-07,Moderate or heavy rain shower,77,25,Hyderabad
219,2019-08-08,Light rain shower,82,28,Hyderabad
220,2019-08-09,Light rain shower,85,29,Hyderabad
221,2019-08-10,Light rain shower,86,30,Hyderabad
222,2019-08-11,Patchy rain possible,84,29,Hyderabad
223,2019-08-12,Moderate or heavy rain shower,83,29,Hyderabad
224,2019-08-13,Light rain shower,81,27,Hyderabad
225,2019-08-14,Torrential rain shower,83,29,Hyderabad
226,2019-08-15,Patchy rain possible,85,30,Hyderabad
227,2019-08-16,Patchy rain possible,87,30,Hyderabad
228,2019-08-17,Patchy rain possible,86,30,Hyderabad
229,2019-08-18,Light rain shower,84,29,Hyderabad
230,2019-08-19,Torrential rain shower,86,30,Hyderabad
231,2019-08-20,Patchy rain possible,85,30,Hyderabad
232,2019-08-21,Torrential rain shower,82,28,Hyderabad
233,2019-08-22,Light rain shower,83,28,Hyderabad
234,2019-08-23,Light rain shower,81,27,Hyderabad
235,2019-08-24,Light rain shower,82,28,Hyderabad
236,2019-08-25,Patchy rain possible,83,29,Hyderabad
237,2019-08-26,Partly cloudy,85,29,Hyderabad
238,2019-08-27,Partly cloudy,85,29,Hyderabad
239,2019-08-28,Partly cloudy,86,30,Hyderabad
240,2019-08-29,Light rain shower,86,30,Hyderabad
241,2019-08-30,Torrential rain shower,84,29,Hyderabad
242,2019-08-31,Light rain shower,82,28,Hyderabad
243,2019-09-01,Light rain shower,80,27,Hyderabad
244,2019-09-02,Light rain shower,76,25,Hyderabad
245,2019-09-03,Light rain shower,74,24,Hyderabad
246,2019-09-04,Light drizzle,74,23,Hyderabad
247,2019-09-05,Patchy rain possible,82,28,Hyderabad
248,2019-09-06,Light rain shower,81,27,Hyderabad
249,2019-09-07,Patchy light rain,77,25,Hyderabad
250,2019-09-08,Light rain shower,78,26,Hyderabad
251,2019-09-09,Cloudy,85,30,Hyderabad
252,2019-09-10,Patchy rain possible,84,29,Hyderabad
253,2019-09-11,Patchy rain possible,84,29,Hyderabad
254,2019-09-12,Patchy rain possible,83,28,Hyderabad
255,2019-09-13,Light rain shower,84,29,Hyderabad
256,2019-09-14,Patchy rain possible,84,29,Hyderabad
257,2019-09-15,Light rain shower,85,29,Hyderabad
258,2019-09-16,Moderate or heavy rain shower,85,30,Hyderabad
259,2019-09-17,Torrential rain shower,85,29,Hyderabad
260,2019-09-18,Torrential rain shower,84,29,Hyderabad
261,2019-09-19,Moderate or heavy rain shower,83,29,Hyderabad
262,2019-09-20,Patchy rain possible,84,29,Hyderabad
263,2019-09-21,Patchy rain possible,84,29,Hyderabad
264,2019-09-22,Moderate or heavy rain shower,87,31,Hyderabad
265,2019-09-23,Patchy rain possible,87,31,Hyderabad
266,2019-09-24,Torrential rain shower,86,30,Hyderabad
267,2019-09-25,Torrential rain shower,82,28,Hyderabad
268,2019-09-26,Light rain shower,83,29,Hyderabad
269,2019-09-27,Patchy rain possible,84,29,Hyderabad
270,2019-09-28,Patchy rain possible,85,29,Hyderabad
271,2019-09-29,Moderate or heavy rain shower,86,30,Hyderabad
272,2019-09-30,Patchy light drizzle,82,28,Hyderabad
273,2019-10-01,Patchy rain possible,86,30,Hyderabad
274,2019-10-02,Moderate or heavy rain shower,86,30,Hyderabad
275,2019-10-03,Patchy rain possible,86,30,Hyderabad
276,2019-10-04,Moderate or heavy rain shower,85,30,Hyderabad
277,2019-10-05,Moderate or heavy rain shower,87,30,Hyderabad
278,2019-10-06,Light rain shower,85,30,Hyderabad
279,2019-10-07,Moderate or heavy rain shower,85,30,Hyderabad
280,2019-10-08,Torrential rain shower,85,30,Hyderabad
281,2019-10-09,Moderate or heavy rain shower,86,30,Hyderabad
282,2019-10-10,Moderate or heavy rain shower,85,30,Hyderabad
283,2019-10-11,Light rain shower,82,28,Hyderabad
284,2019-10-12,Torrential rain shower,84,29,Hyderabad
285,2019-10-13,Torrential rain shower,84,29,Hyderabad
286,2019-10-14,Light rain shower,84,29,Hyderabad
287,2019-10-15,Torrential rain shower,83,28,Hyderabad
288,2019-10-16,Patchy rain possible,83,28,Hyderabad
289,2019-10-17,Moderate or heavy rain shower,83,29,Hyderabad
290,2019-10-18,Light rain shower,81,27,Hyderabad
291,2019-10-19,Light rain shower,81,27,Hyderabad
292,2019-10-20,Light rain shower,82,28,Hyderabad
293,2019-10-21,Torrential rain shower,81,27,Hyderabad
294,2019-10-22,Moderate or heavy rain shower,80,26,Hyderabad
295,2019-10-23,Torrential rain shower,76,24,Hyderabad
296,2019-10-24,Moderate or heavy rain shower,80,27,Hyderabad
297,2019-10-25,Torrential rain shower,80,27,Hyderabad
298,2019-10-26,Moderate or heavy rain shower,83,28,Hyderabad
299,2019-10-27,Moderate or heavy rain shower,85,29,Hyderabad
300,2019-10-28,Partly cloudy,83,28,Hyderabad
301,2019-10-29,Light rain shower,82,28,Hyderabad
302,2019-10-30,Partly cloudy,82,28,Hyderabad
303,2019-10-31,Patchy rain possible,80,27,Hyderabad
304,2019-11-01,Moderate or heavy rain shower,83,28,Hyderabad
305,2019-11-02,Light rain shower,83,28,Hyderabad
306,2019-11-03,Patchy rain possible,83,28,Hyderabad
307,2019-11-04,Partly cloudy,85,30,Hyderabad
308,2019-11-05,Partly cloudy,85,29,Hyderabad
309,2019-11-06,Light rain shower,83,29,Hyderabad
310,2019-11-07,Light rain shower,86,30,Hyderabad
311,2019-11-08,Partly cloudy,84,29,Hyderabad
312,2019-11-09,Partly cloudy,84,29,Hyderabad
313,2019-11-10,Partly cloudy,84,29,Hyderabad
314,2019-11-11,Patchy rain possible,82,28,Hyderabad
315,2019-11-12,Partly cloudy,83,29,Hyderabad
316,2019-11-13,Partly cloudy,81,27,Hyderabad
317,2019-11-14,Partly cloudy,80,27,Hyderabad
318,2019-11-15,Cloudy,81,27,Hyderabad
319,2019-11-16,Partly cloudy,83,28,Hyderabad
320,2019-11-17,Partly cloudy,83,29,Hyderabad
321,2019-11-18,Partly cloudy,83,29,Hyderabad
322,2019-11-19,Partly cloudy,82,28,Hyderabad
323,2019-11-20,Cloudy,78,26,Hyderabad
324,2019-11-21,Partly cloudy,81,27,Hyderabad
325,2019-11-22,Partly cloudy,82,28,Hyderabad
326,2019-11-23,Partly cloudy,81,27,Hyderabad
327,2019-11-24,Partly cloudy,83,28,Hyderabad
328,2019-11-25,Sunny,81,27,Hyderabad
329,2019-11-26,Patchy rain possible,77,25,Hyderabad
330,2019-11-27,Partly cloudy,81,27,Hyderabad
331,2019-11-28,Partly cloudy,81,27,Hyderabad
332,2019-11-29,Partly cloudy,81,27,Hyderabad
333,2019-11-30,Partly cloudy,82,28,Hyderabad
334,2019-12-01,Partly cloudy,82,28,Hyderabad
335,2019-12-02,Moderate or heavy rain shower,73,23,Hyderabad
336,2019-12-03,Patchy rain possible,78,26,Hyderabad
337,2019-12-04,Cloudy,79,26,Hyderabad
338,2019-12-05,Partly cloudy,78,26,Hyderabad
339,2019-12-06,Partly cloudy,78,25,Hyderabad
340,2019-12-07,Partly cloudy,79,26,Hyderabad
341,2019-12-08,Patchy rain possible,78,26,Hyderabad
342,2019-12-09,Patchy rain possible,77,25,Hyderabad
343,2019-12-10,Partly cloudy,79,26,Hyderabad
344,2019-12-11,Partly cloudy,80,27,Hyderabad
345,2019-12-12,Partly cloudy,79,26,Hyderabad
346,2019-12-13,Partly cloudy,80,27,Hyderabad
347,2019-12-14,Partly cloudy,81,27,Hyderabad
348,2019-12-15,Patchy rain possible,80,27,Hyderabad
349,2019-12-16,Partly cloudy,80,26,Hyderabad
350,2019-12-17,Partly cloudy,81,27,Hyderabad
351,2019-12-18,Partly cloudy,81,27,Hyderabad
352,2019-12-19,Partly cloudy,81,27,Hyderabad
353,2019-12-20,Partly cloudy,82,28,Hyderabad
354,2019-12-21,Partly cloudy,81,27,Hyderabad
355,2019-12-22,Cloudy,77,25,Hyderabad
356,2019-12-23,Partly cloudy,78,26,Hyderabad
357,2019-12-24,Partly cloudy,78,26,Hyderabad
358,2019-12-25,Partly cloudy,79,26,Hyderabad
359,2019-12-26,Partly cloudy,81,27,Hyderabad
360,2019-12-27,Light rain shower,80,27,Hyderabad
361,2019-12-28,Patchy rain possible,78,26,Hyderabad
362,2019-12-29,Patchy rain possible,77,25,Hyderabad
363,2019-12-30,Patchy rain possible,78,26,Hyderabad
364,2019-12-31,Patchy rain possible,75,24,Hyderabad
365,2020-01-01,Moderate rain at times,79,26,Hyderabad
366,2020-01-02,Patchy rain possible,81,27,Hyderabad
367,2020-01-03,Light rain shower,85,29,Hyderabad
368,2020-01-04,Cloudy,82,28,Hyderabad
369,2020-01-05,Cloudy,79,26,Hyderabad
370,2020-01-06,Cloudy,78,26,Hyderabad
371,2020-01-07,Patchy rain possible,79,26,Hyderabad
372,2020-01-08,Patchy rain possible,82,28,Hyderabad
373,2020-01-09,Light rain shower,83,28,Hyderabad
374,2020-01-10,Patchy rain possible,78,26,Hyderabad
375,2020-01-11,Partly cloudy,81,27,Hyderabad
376,2020-01-12,Partly cloudy,88,31,Hyderabad
377,2020-01-13,Partly cloudy,86,30,Hyderabad
378,2020-01-14,Partly cloudy,84,29,Hyderabad
379,2020-01-15,Partly cloudy,80,27,Hyderabad
380,2020-01-16,Partly cloudy,81,27,Hyderabad
381,2020-01-17,Partly cloudy,80,27,Hyderabad
382,2020-01-18,Patchy rain possible,80,26,Hyderabad
383,2020-01-19,Patchy rain possible,82,28,Hyderabad
384,2020-01-20,Patchy rain possible,83,29,Hyderabad
385,2020-01-21,Partly cloudy,84,29,Hyderabad
386,2020-01-22,Partly cloudy,82,28,Hyderabad
387,2020-01-23,Partly cloudy,85,30,Hyderabad
388,2020-01-24,Partly cloudy,86,30,Hyderabad
389,2020-01-25,Partly cloudy,89,31,Hyderabad
390,2020-01-26,Partly cloudy,92,33,Hyderabad
391,2020-01-27,Partly cloudy,90,32,Hyderabad
392,2020-01-28,Partly cloudy,89,32,Hyderabad
393,2020-01-29,Partly cloudy,91,33,Hyderabad
394,2020-01-30,Partly cloudy,88,31,Hyderabad
395,2020-01-31,Partly cloudy,87,31,Hyderabad
396,2020-02-01,Partly cloudy,84,29,Hyderabad
397,2020-02-02,Patchy rain possible,83,29,Hyderabad
398,2020-02-03,Partly cloudy,85,29,Hyderabad
399,2020-02-04,Partly cloudy,87,30,Hyderabad
400,2020-02-05,Partly cloudy,87,31,Hyderabad
401,2020-02-06,Partly cloudy,89,32,Hyderabad
402,2020-02-07,Patchy rain possible,87,31,Hyderabad
403,2020-02-08,Light rain shower,83,29,Hyderabad
404,2020-02-09,Light rain shower,81,27,Hyderabad
405,2020-02-10,Patchy rain possible,83,28,Hyderabad
406,2020-02-11,Patchy rain possible,81,27,Hyderabad
407,2020-02-12,Patchy rain possible,82,28,Hyderabad
408,2020-02-13,Partly cloudy,87,31,Hyderabad
409,2020-02-14,Sunny,91,33,Hyderabad
410,2020-02-15,Partly cloudy,96,36,Hyderabad
411,2020-02-16,Partly cloudy,92,33,Hyderabad
412,2020-02-17,Partly cloudy,90,32,Hyderabad
413,2020-02-18,Sunny,91,33,Hyderabad
414,2020-02-19,Partly cloudy,92,33,Hyderabad
415,2020-02-20,Partly cloudy,88,31,Hyderabad
416,2020-02-21,Partly cloudy,87,30,Hyderabad
417,2020-02-22,Partly cloudy,88,31,Hyderabad
418,2020-02-23,Partly cloudy,89,32,Hyderabad
419,2020-02-24,Partly cloudy,92,33,Hyderabad
420,2020-02-25,Cloudy,90,32,Hyderabad
421,2020-02-26,Partly cloudy,90,32,Hyderabad
422,2020-02-27,Partly cloudy,89,32,Hyderabad
423,2020-02-28,Partly cloudy,86,30,Hyderabad
424,2020-03-01,Patchy rain possible,91,33,Hyderabad
425,2020-03-02,Patchy rain possible,89,31,Hyderabad
426,2020-03-03,Partly cloudy,94,34,Hyderabad
427,2020-03-04,Partly cloudy,94,34,Hyderabad
428,2020-03-05,Partly cloudy,94,34,Hyderabad
429,2020-03-06,Partly cloudy,92,34,Hyderabad
430,2020-03-07,Partly cloudy,93,34,Hyderabad
431,2020-03-08,Patchy light drizzle,88,31,Hyderabad
432,2020-03-09,Patchy rain possible,86,30,Hyderabad
433,2020-03-10,Partly cloudy,94,35,Hyderabad
434,2020-03-11,Patchy rain possible,89,32,Hyderabad
435,2020-03-12,Partly cloudy,92,33,Hyderabad
436,2020-03-13,Cloudy,90,32,Hyderabad
437,2020-03-14,Partly cloudy,94,35,Hyderabad
438,2020-03-15,Partly cloudy,92,34,Hyderabad
439,2020-03-16,Partly cloudy,93,34,Hyderabad
440,2020-03-17,Partly cloudy,94,35,Hyderabad
441,2020-03-18,Partly cloudy,99,37,Hyderabad
442,2020-03-19,Patchy rain possible,95,35,Hyderabad
443,2020-03-20,Partly cloudy,95,35,Hyderabad
444,2020-03-21,Sunny,101,38,Hyderabad
445,2020-03-22,Partly cloudy,98,37,Hyderabad
446,2020-03-23,Partly cloudy,92,34,Hyderabad
447,2020-03-24,Partly cloudy,95,35,Hyderabad
448,2020-03-25,Partly cloudy,96,35,Hyderabad
449,2020-03-26,Partly cloudy,96,36,Hyderabad
450,2020-03-27,Partly cloudy,98,37,Hyderabad
451,2020-03-28,Partly cloudy,99,37,Hyderabad
452,2020-03-29,Partly cloudy,101,38,Hyderabad
453,2020-03-30,Partly cloudy,100,38,Hyderabad
454,2020-03-31,Partly cloudy,101,38,Hyderabad
455,2020-04-01,Partly cloudy,100,38,Hyderabad
456,2020-04-02,Partly cloudy,102,39,Hyderabad
457,2020-04-03,Partly cloudy,99,37,Hyderabad
458,2020-04-04,Partly cloudy,95,35,Hyderabad
459,2020-04-05,Partly cloudy,100,38,Hyderabad
460,2020-04-06,Partly cloudy,96,35,Hyderabad
461,2020-04-07,Patchy rain possible,99,37,Hyderabad
462,2020-04-08,Patchy rain possible,98,37,Hyderabad
463,2020-04-09,Partly cloudy,106,41,Hyderabad
464,2020-04-10,Partly cloudy,98,36,Hyderabad
465,2020-04-11,Partly cloudy,100,38,Hyderabad
466,2020-04-12,Partly cloudy,100,38,Hyderabad
467,2020-04-13,Partly cloudy,102,39,Hyderabad
468,2020-04-14,Partly cloudy,101,39,Hyderabad
469,2020-04-15,Partly cloudy,103,40,Hyderabad
470,2020-04-16,Partly cloudy,103,40,Hyderabad
471,2020-04-17,Partly cloudy,106,41,Hyderabad
472,2020-04-18,Partly cloudy,105,40,Hyderabad
473,2020-04-19,Patchy rain possible,102,39,Hyderabad
474,2020-04-20,Partly cloudy,101,38,Hyderabad
475,2020-04-21,Partly cloudy,101,39,Hyderabad
476,2020-04-22,Partly cloudy,102,39,Hyderabad
477,2020-04-23,Partly cloudy,103,40,Hyderabad
478,2020-04-24,Patchy rain possible,101,39,Hyderabad
479,2020-04-25,Partly cloudy,108,42,Hyderabad
480,2020-04-26,Patchy rain possible,99,37,Hyderabad
481,2020-04-27,Partly cloudy,105,41,Hyderabad
482,2020-04-28,Patchy rain possible,96,36,Hyderabad
483,2020-04-29,Partly cloudy,98,37,Hyderabad
484,2020-04-30,Partly cloudy,103,40,Hyderabad
485,2020-05-01,Patchy rain possible,103,39,Hyderabad
486,2020-05-02,Partly cloudy,104,40,Hyderabad
487,2020-05-03,Partly cloudy,105,41,Hyderabad
488,2020-05-04,Partly cloudy,103,39,Hyderabad
489,2020-05-05,Partly cloudy,103,39,Hyderabad
490,2020-05-06,Partly cloudy,104,40,Hyderabad
491,2020-05-07,Partly cloudy,101,39,Hyderabad
492,2020-05-08,Partly cloudy,103,39,Hyderabad
493,2020-05-09,Partly cloudy,105,41,Hyderabad
494,2020-05-10,Moderate rain at times,101,38,Hyderabad
495,2020-05-11,Patchy rain possible,100,38,Hyderabad
496,2020-05-12,Partly cloudy,104,40,Hyderabad
497,2020-05-13,Partly cloudy,101,39,Hyderabad
498,2020-05-14,Partly cloudy,102,39,Hyderabad
499,2020-05-15,Patchy rain possible,106,41,Hyderabad
500,2020-05-16,Partly cloudy,110,43,Hyderabad
501,2020-05-17,Partly cloudy,108,42,Hyderabad
502,2020-05-18,Partly cloudy,103,39,Hyderabad
503,2020-05-19,Partly cloudy,105,40,Hyderabad
504,2020-05-20,Sunny,106,41,Hyderabad
505,2020-05-21,Sunny,107,42,Hyderabad
506,2020-05-22,Sunny,109,43,Hyderabad
507,2020-05-23,Sunny,109,43,Hyderabad
508,2020-05-24,Partly cloudy,109,43,Hyderabad
509,2020-05-25,Partly cloudy,107,42,Hyderabad
510,2020-05-26,Partly cloudy,105,40,Hyderabad
511,2020-05-27,Partly cloudy,113,45,Hyderabad
512,2020-05-28,Partly cloudy,110,44,Hyderabad
513,2020-05-29,Partly cloudy,110,44,Hyderabad
514,2020-05-30,Partly cloudy,107,42,Hyderabad
515,2020-05-31,Patchy rain possible,89,32,Hyderabad
516,2020-06-01,Partly cloudy,99,37,Hyderabad
517,2020-06-02,Light rain shower,92,33,Hyderabad
518,2020-06-03,Patchy rain possible,92,34,Hyderabad
519,2020-06-04,Partly cloudy,94,34,Hyderabad
520,2020-06-05,Cloudy,97,36,Hyderabad
521,2020-06-06,Partly cloudy,94,34,Hyderabad
522,2020-06-07,Partly cloudy,94,34,Hyderabad
523,2020-06-08,Cloudy,94,35,Hyderabad
524,2020-06-09,Patchy rain possible,95,35,Hyderabad
525,2020-06-10,Moderate rain at times,94,35,Hyderabad
526,2020-06-11,Moderate or heavy rain shower,84,29,Hyderabad
527,2020-06-12,Light rain shower,78,25,Hyderabad
528,2020-06-13,Light rain shower,86,30,Hyderabad
529,2020-06-14,Light rain shower,90,32,Hyderabad
530,2020-06-15,Light rain shower,88,31,Hyderabad
531,2020-06-16,Light rain shower,89,31,Hyderabad
532,2020-06-17,Light rain shower,82,28,Hyderabad
533,2020-06-18,Light rain shower,85,29,Hyderabad
534,2020-06-19,Patchy rain possible,83,28,Hyderabad
535,2020-06-20,Light rain shower,90,32,Hyderabad
536,2020-06-21,Light rain shower,80,27,Hyderabad
537,2020-06-22,Light rain shower,86,30,Hyderabad
538,2020-06-23,Patchy rain possible,88,31,Hyderabad
539,2020-06-24,Partly cloudy,92,34,Hyderabad
540,2020-06-25,Patchy rain possible,94,34,Hyderabad
541,2020-06-26,Partly cloudy,95,35,Hyderabad
542,2020-06-27,Light rain shower,92,33,Hyderabad
543,2020-06-28,Patchy rain possible,89,32,Hyderabad
544,2020-06-29,Patchy rain possible,91,33,Hyderabad
545,2020-06-30,Light rain shower,88,31,Hyderabad
