,Date,Weather,TempF,TempC,Location
0,2019-01-01,Sunny,83,28,Rajahmundry
1,2019-01-02,Sunny,83,28,Rajahmundry
2,2019-01-03,Sunny,88,31,Rajahmundry
3,2019-01-04,Sunny,83,28,Rajahmundry
4,2019-01-05,Sunny,82,28,Rajahmundry
5,2019-01-06,Sunny,82,28,Rajahmundry
6,2019-01-07,Partly cloudy,88,31,Rajahmundry
7,2019-01-08,Partly cloudy,88,31,Rajahmundry
8,2019-01-09,Sunny,84,29,Rajahmundry
9,2019-01-10,Partly cloudy,82,28,Rajahmundry
10,2019-01-11,Partly cloudy,82,28,Rajahmundry
11,2019-01-12,Partly cloudy,83,28,Rajahmundry
12,2019-01-13,Partly cloudy,83,28,Rajahmundry
13,2019-01-14,Partly cloudy,86,30,Rajahmundry
14,2019-01-15,Partly cloudy,87,31,Rajahmundry
15,2019-01-16,Partly cloudy,83,29,Rajahmundry
16,2019-01-17,Partly cloudy,85,29,Rajahmundry
17,2019-01-18,Partly cloudy,89,32,Rajahmundry
18,2019-01-19,Partly cloudy,87,31,Rajahmundry
19,2019-01-20,Sunny,88,31,Rajahmundry
20,2019-01-21,Sunny,85,30,Rajahmundry
21,2019-01-22,Sunny,84,29,Rajahmundry
22,2019-01-23,Partly cloudy,84,29,Rajahmundry
23,2019-01-24,Partly cloudy,85,30,Rajahmundry
24,2019-01-25,Partly cloudy,86,30,Rajahmundry
25,2019-01-26,Partly cloudy,87,30,Rajahmundry
26,2019-01-27,Partly cloudy,85,30,Rajahmundry
27,2019-01-28,Patchy rain possible,80,27,Rajahmundry
28,2019-01-29,Partly cloudy,88,31,Rajahmundry
29,2019-01-30,Patchy rain possible,83,28,Rajahmundry
30,2019-01-31,Partly cloudy,83,28,Rajahmundry
31,2019-02-01,Partly cloudy,85,29,Rajahmundry
32,2019-02-02,Partly cloudy,87,31,Rajahmundry
33,2019-02-03,Partly cloudy,87,31,Rajahmundry
34,2019-02-04,Partly cloudy,89,31,Rajahmundry
35,2019-02-05,Partly cloudy,91,33,Rajahmundry
36,2019-02-06,Partly cloudy,89,32,Rajahmundry
37,2019-02-07,Partly cloudy,89,32,Rajahmundry
38,2019-02-08,Cloudy,89,32,Rajahmundry
39,2019-02-09,Partly cloudy,91,33,Rajahmundry
40,2019-02-10,Moderate or heavy rain shower,88,31,Rajahmundry
41,2019-02-11,Partly cloudy,88,31,Rajahmundry
42,2019-02-12,Partly cloudy,88,31,Rajahmundry
43,2019-02-13,Sunny,89,32,Rajahmundry
44,2019-02-14,Sunny,91,33,Rajahmundry
45,2019-02-15,Partly cloudy,92,33,Rajahmundry
46,2019-02-16,Cloudy,90,32,Rajahmundry
47,2019-02-17,Light rain shower,90,32,Rajahmundry
48,2019-02-18,Patchy rain possible,91,33,Rajahmundry
49,2019-02-19,Moderate rain at times,93,34,Rajahmundry
50,2019-02-20,Partly cloudy,94,34,Rajahmundry
51,2019-02-21,Partly cloudy,95,35,Rajahmundry
52,2019-02-22,Partly cloudy,102,39,Rajahmundry
53,2019-02-23,Partly cloudy,99,37,Rajahmundry
54,2019-02-24,Partly cloudy,97,36,Rajahmundry
55,2019-02-25,Partly cloudy,96,35,Rajahmundry
56,2019-02-26,Patchy rain possible,92,34,Rajahmundry
57,2019-02-27,Light rain shower,91,33,Rajahmundry
58,2019-02-28,Patchy rain possible,93,34,Rajahmundry
59,2019-03-01,Light rain shower,91,33,Rajahmundry
60,2019-03-02,Light rain shower,90,32,Rajahmundry
61,2019-03-03,Cloudy,92,34,Rajahmundry
62,2019-03-04,Partly cloudy,94,35,Rajahmundry
63,2019-03-05,Partly cloudy,96,36,Rajahmundry
64,2019-03-06,Patchy rain possible,94,35,Rajahmundry
65,2019-03-07,Patchy rain possible,95,35,Rajahmundry
66,2019-03-08,Light rain shower,93,34,Rajahmundry
67,2019-03-09,Cloudy,93,34,Rajahmundry
68,2019-03-10,Partly cloudy,95,35,Rajahmundry
69,2019-03-11,Partly cloudy,97,36,Rajahmundry
70,2019-03-12,Partly cloudy,98,37,Rajahmundry
71,2019-03-13,Partly cloudy,100,38,Rajahmundry
72,2019-03-14,Partly cloudy,100,38,Rajahmundry
73,2019-03-15,Partly cloudy,101,38,Rajahmundry
74,2019-03-16,Partly cloudy,98,37,Rajahmundry
75,2019-03-17,Partly cloudy,98,37,Rajahmundry
76,2019-03-18,Partly cloudy,96,36,Rajahmundry
77,2019-03-19,Partly cloudy,97,36,Rajahmundry
78,2019-03-20,Partly cloudy,98,36,Rajahmundry
79,2019-03-21,Partly cloudy,97,36,Rajahmundry
80,2019-03-22,Partly cloudy,98,37,Rajahmundry
81,2019-03-23,Partly cloudy,101,38,Rajahmundry
82,2019-03-24,Moderate or heavy rain shower,100,38,Rajahmundry
83,2019-03-25,Partly cloudy,100,38,Rajahmundry
84,2019-03-26,Partly cloudy,100,38,Rajahmundry
85,2019-03-27,Partly cloudy,102,39,Rajahmundry
86,2019-03-28,Partly cloudy,102,39,Rajahmundry
87,2019-03-29,Partly cloudy,101,38,Rajahmundry
88,2019-03-30,Partly cloudy,101,38,Rajahmundry
89,2019-03-31,Partly cloudy,103,39,Rajahmundry
90,2019-04-01,Partly cloudy,103,40,Rajahmundry
91,2019-04-02,Partly cloudy,101,38,Rajahmundry
92,2019-04-03,Partly cloudy,101,38,Rajahmundry
93,2019-04-04,Partly cloudy,101,38,Rajahmundry
94,2019-04-05,Partly cloudy,102,39,Rajahmundry
95,2019-04-06,Thundery outbreaks possible,104,40,Rajahmundry
96,2019-04-07,Patchy light rain with thunder,101,38,Rajahmundry
97,2019-04-08,Light rain shower,100,38,Rajahmundry
98,2019-04-09,Patchy rain possible,100,38,Rajahmundry
99,2019-04-10,Patchy light rain with thunder,102,39,Rajahmundry
100,2019-04-11,Partly cloudy,103,40,Rajahmundry
101,2019-04-12,Patchy rain possible,104,40,Rajahmundry
102,2019-04-13,Partly cloudy,105,41,Rajahmundry
103,2019-04-14,Partly cloudy,105,41,Rajahmundry
104,2019-04-15,Partly cloudy,105,41,Rajahmundry
105,2019-04-16,Sunny,105,40,Rajahmundry
106,2019-04-17,Partly cloudy,102,39,Rajahmundry
107,2019-04-18,Partly cloudy,102,39,Rajahmundry
108,2019-04-19,Light rain shower,101,38,Rajahmundry
109,2019-04-20,Light rain shower,97,36,Rajahmundry
110,2019-04-21,Moderate or heavy rain shower,101,38,Rajahmundry
111,2019-04-22,Patchy rain possible,105,40,Rajahmundry
112,2019-04-23,Partly cloudy,105,40,Rajahmundry
113,2019-04-24,Partly cloudy,104,40,Rajahmundry
114,2019-04-25,Partly cloudy,105,40,Rajahmundry
115,2019-04-26,Partly cloudy,105,40,Rajahmundry
116,2019-04-27,Patchy light rain,104,40,Rajahmundry
117,2019-04-28,Partly cloudy,103,40,Rajahmundry
118,2019-04-29,Moderate or heavy rain shower,104,40,Rajahmundry
119,2019-04-30,Patchy rain possible,104,40,Rajahmundry
120,2019-05-01,Partly cloudy,98,37,Rajahmundry
121,2019-05-02,Patchy light rain with thunder,102,39,Rajahmundry
122,2019-05-03,Cloudy,105,41,Rajahmundry
123,2019-05-04,Cloudy,111,44,Rajahmundry
124,2019-05-05,Partly cloudy,110,43,Rajahmundry
125,2019-05-06,Partly cloudy,107,42,Rajahmundry
126,2019-05-07,Partly cloudy,109,43,Rajahmundry
127,2019-05-08,Thundery outbreaks possible,110,43,Rajahmundry
128,2019-05-09,Partly cloudy,112,44,Rajahmundry
129,2019-05-10,Partly cloudy,107,42,Rajahmundry
130,2019-05-11,Patchy light rain with thunder,103,39,Rajahmundry
131,2019-05-12,Thundery outbreaks possible,103,40,Rajahmundry
132,2019-05-13,Patchy rain possible,102,39,Rajahmundry
133,2019-05-14,Thundery outbreaks possible,105,41,Rajahmundry
134,2019-05-15,Patchy rain possible,103,39,Rajahmundry
135,2019-05-16,Partly cloudy,104,40,Rajahmundry
136,2019-05-17,Thundery outbreaks possible,104,40,Rajahmundry
137,2019-05-18,Partly cloudy,106,41,Rajahmundry
138,2019-05-19,Partly cloudy,105,41,Rajahmundry
139,2019-05-20,Partly cloudy,104,40,Rajahmundry
140,2019-05-21,Partly cloudy,103,40,Rajahmundry
141,2019-05-22,Partly cloudy,104,40,Rajahmundry
142,2019-05-23,Cloudy,100,38,Rajahmundry
143,2019-05-24,Partly cloudy,103,39,Rajahmundry
144,2019-05-25,Partly cloudy,106,41,Rajahmundry
145,2019-05-26,Partly cloudy,111,44,Rajahmundry
146,2019-05-27,Partly cloudy,108,42,Rajahmundry
147,2019-05-28,Thundery outbreaks possible,106,41,Rajahmundry
148,2019-05-29,Cloudy,105,40,Rajahmundry
149,2019-05-30,Moderate rain,104,40,Rajahmundry
150,2019-05-31,Patchy rain possible,103,40,Rajahmundry
151,2019-06-01,Thundery outbreaks possible,100,38,Rajahmundry
152,2019-06-02,Thundery outbreaks possible,98,37,Rajahmundry
153,2019-06-03,Cloudy,107,42,Rajahmundry
154,2019-06-04,Thundery outbreaks possible,106,41,Rajahmundry
155,2019-06-05,Thundery outbreaks possible,104,40,Rajahmundry
156,2019-06-06,Thundery outbreaks possible,103,40,Rajahmundry
157,2019-06-07,Partly cloudy,103,39,Rajahmundry
158,2019-06-08,Patchy light rain with thunder,105,41,Rajahmundry
159,2019-06-09,Moderate or heavy rain with thunder,102,39,Rajahmundry
160,2019-06-10,Thundery outbreaks possible,104,40,Rajahmundry
161,2019-06-11,Thundery outbreaks possible,106,41,Rajahmundry
162,2019-06-12,Patchy rain possible,111,44,Rajahmundry
163,2019-06-13,Partly cloudy,107,42,Rajahmundry
164,2019-06-14,Patchy rain possible,105,41,Rajahmundry
165,2019-06-15,Partly cloudy,107,42,Rajahmundry
166,2019-06-16,Light rain,103,40,Rajahmundry
167,2019-06-17,Partly cloudy,90,32,Rajahmundry
168,2019-06-18,Light rain shower,91,33,Rajahmundry
169,2019-06-19,Torrential rain shower,100,38,Rajahmundry
170,2019-06-20,Heavy rain at times,98,36,Rajahmundry
171,2019-06-21,Patchy rain possible,86,30,Rajahmundry
172,2019-06-22,Moderate or heavy rain shower,83,29,Rajahmundry
173,2019-06-23,Torrential rain shower,85,30,Rajahmundry
174,2019-06-24,Moderate or heavy rain shower,93,34,Rajahmundry
175,2019-06-25,Patchy rain possible,94,35,Rajahmundry
176,2019-06-26,Moderate or heavy rain shower,95,35,Rajahmundry
177,2019-06-27,Thundery outbreaks possible,94,34,Rajahmundry
178,2019-06-28,Thundery outbreaks possible,95,35,Rajahmundry
179,2019-06-29,Moderate or heavy rain shower,84,29,Rajahmundry
180,2019-06-30,Light rain shower,86,30,Rajahmundry
181,2019-07-01,Moderate rain,78,26,Rajahmundry
182,2019-07-02,Light rain shower,81,27,Rajahmundry
183,2019-07-03,Moderate or heavy rain shower,89,32,Rajahmundry
184,2019-07-04,Light rain shower,92,34,Rajahmundry
185,2019-07-05,Moderate or heavy rain shower,87,31,Rajahmundry
186,2019-07-06,Light rain shower,85,29,Rajahmundry
187,2019-07-07,Light rain shower,90,32,Rajahmundry
188,2019-07-08,Light rain shower,92,33,Rajahmundry
189,2019-07-09,Moderate or heavy rain shower,92,33,Rajahmundry
190,2019-07-10,Light rain shower,90,32,Rajahmundry
191,2019-07-11,Moderate or heavy rain shower,90,32,Rajahmundry
192,2019-07-12,Moderate or heavy rain shower,92,33,Rajahmundry
193,2019-07-13,Light rain shower,91,33,Rajahmundry
194,2019-07-14,Light rain shower,80,27,Rajahmundry
195,2019-07-15,Moderate or heavy rain shower,89,32,Rajahmundry
196,2019-07-16,Moderate or heavy rain shower,92,34,Rajahmundry
197,2019-07-17,Patchy rain possible,94,35,Rajahmundry
198,2019-07-18,Patchy rain possible,92,34,Rajahmundry
199,2019-07-19,Light rain shower,89,32,Rajahmundry
200,2019-07-20,Moderate or heavy rain shower,92,33,Rajahmundry
201,2019-07-21,Torrential rain shower,91,33,Rajahmundry
202,2019-07-22,Moderate or heavy rain shower,91,33,Rajahmundry
203,2019-07-23,Moderate or heavy rain shower,91,33,Rajahmundry
204,2019-07-24,Light rain shower,90,32,Rajahmundry
205,2019-07-25,Torrential rain shower,87,31,Rajahmundry
206,2019-07-26,Light rain shower,77,25,Rajahmundry
207,2019-07-27,Moderate rain,77,25,Rajahmundry
208,2019-07-28,Moderate rain,77,25,Rajahmundry
209,2019-07-29,Light rain shower,80,27,Rajahmundry
210,2019-07-30,Moderate or heavy rain shower,86,30,Rajahmundry
211,2019-07-31,Moderate or heavy rain shower,87,31,Rajahmundry
212,2019-08-01,Moderate or heavy rain shower,77,25,Rajahmundry
213,2019-08-02,Heavy rain,76,24,Rajahmundry
214,2019-08-03,Moderate rain,78,26,Rajahmundry
215,2019-08-04,Light rain shower,81,27,Rajahmundry
216,2019-08-05,Moderate or heavy rain shower,85,30,Rajahmundry
217,2019-08-06,Heavy rain,77,25,Rajahmundry
218,2019-08-07,Moderate rain,77,25,Rajahmundry
219,2019-08-08,Torrential rain shower,85,30,Rajahmundry
220,2019-08-09,Patchy light rain with thunder,88,31,Rajahmundry
221,2019-08-10,Moderate or heavy rain shower,88,31,Rajahmundry
222,2019-08-11,Patchy rain possible,90,32,Rajahmundry
223,2019-08-12,Moderate or heavy rain shower,87,30,Rajahmundry
224,2019-08-13,Patchy rain possible,83,28,Rajahmundry
225,2019-08-14,Patchy light rain with thunder,91,33,Rajahmundry
226,2019-08-15,Patchy rain possible,92,33,Rajahmundry
227,2019-08-16,Light rain shower,92,34,Rajahmundry
228,2019-08-17,Patchy light rain with thunder,91,33,Rajahmundry
229,2019-08-18,Moderate or heavy rain shower,88,31,Rajahmundry
230,2019-08-19,Patchy light rain with thunder,91,33,Rajahmundry
231,2019-08-20,Patchy rain possible,92,33,Rajahmundry
232,2019-08-21,Moderate or heavy rain shower,91,33,Rajahmundry
233,2019-08-22,Light rain shower,90,32,Rajahmundry
234,2019-08-23,Moderate or heavy rain shower,88,31,Rajahmundry
235,2019-08-24,Moderate or heavy rain shower,89,32,Rajahmundry
236,2019-08-25,Moderate or heavy rain shower,88,31,Rajahmundry
237,2019-08-26,Light rain shower,89,32,Rajahmundry
238,2019-08-27,Patchy rain possible,89,32,Rajahmundry
239,2019-08-28,Light rain shower,89,32,Rajahmundry
240,2019-08-29,Light rain shower,91,33,Rajahmundry
241,2019-08-30,Torrential rain shower,90,32,Rajahmundry
242,2019-08-31,Light rain shower,83,29,Rajahmundry
243,2019-09-01,Heavy rain,78,26,Rajahmundry
244,2019-09-02,Heavy rain,76,25,Rajahmundry
245,2019-09-03,Moderate or heavy rain shower,77,25,Rajahmundry
246,2019-09-04,Light rain shower,78,26,Rajahmundry
247,2019-09-05,Light rain shower,84,29,Rajahmundry
248,2019-09-06,Heavy rain,75,24,Rajahmundry
249,2019-09-07,Light rain shower,78,26,Rajahmundry
250,2019-09-08,Light rain shower,85,29,Rajahmundry
251,2019-09-09,Moderate or heavy rain shower,88,31,Rajahmundry
252,2019-09-10,Patchy rain possible,88,31,Rajahmundry
253,2019-09-11,Patchy rain possible,89,31,Rajahmundry
254,2019-09-12,Moderate or heavy rain shower,85,30,Rajahmundry
255,2019-09-13,Light rain shower,87,31,Rajahmundry
256,2019-09-14,Patchy rain possible,88,31,Rajahmundry
257,2019-09-15,Patchy light rain with thunder,89,32,Rajahmundry
258,2019-09-16,Patchy light rain with thunder,90,32,Rajahmundry
259,2019-09-17,Torrential rain shower,89,32,Rajahmundry
260,2019-09-18,Torrential rain shower,87,31,Rajahmundry
261,2019-09-19,Moderate or heavy rain shower,85,30,Rajahmundry
262,2019-09-20,Moderate or heavy rain shower,87,31,Rajahmundry
263,2019-09-21,Light rain shower,88,31,Rajahmundry
264,2019-09-22,Moderate or heavy rain shower,87,30,Rajahmundry
265,2019-09-23,Thundery outbreaks possible,89,32,Rajahmundry
266,2019-09-24,Moderate or heavy rain shower,85,30,Rajahmundry
267,2019-09-25,Torrential rain shower,83,29,Rajahmundry
268,2019-09-26,Torrential rain shower,83,29,Rajahmundry
269,2019-09-27,Moderate or heavy rain shower,85,30,Rajahmundry
270,2019-09-28,Moderate or heavy rain shower,85,30,Rajahmundry
271,2019-09-29,Torrential rain shower,86,30,Rajahmundry
272,2019-09-30,Light rain shower,87,31,Rajahmundry
273,2019-10-01,Thundery outbreaks possible,87,31,Rajahmundry
274,2019-10-02,Light rain shower,85,30,Rajahmundry
275,2019-10-03,Moderate or heavy rain shower,85,29,Rajahmundry
276,2019-10-04,Light rain shower,88,31,Rajahmundry
277,2019-10-05,Patchy light rain with thunder,89,32,Rajahmundry
278,2019-10-06,Light rain shower,87,31,Rajahmundry
279,2019-10-07,Patchy light rain with thunder,88,31,Rajahmundry
280,2019-10-08,Torrential rain shower,88,31,Rajahmundry
281,2019-10-09,Moderate or heavy rain shower,85,29,Rajahmundry
282,2019-10-10,Moderate or heavy rain shower,85,29,Rajahmundry
283,2019-10-11,Moderate or heavy rain shower,87,30,Rajahmundry
284,2019-10-12,Moderate or heavy rain shower,87,31,Rajahmundry
285,2019-10-13,Moderate or heavy rain shower,89,32,Rajahmundry
286,2019-10-14,Light rain shower,87,31,Rajahmundry
287,2019-10-15,Light rain shower,85,30,Rajahmundry
288,2019-10-16,Moderate or heavy rain shower,81,27,Rajahmundry
289,2019-10-17,Moderate or heavy rain shower,86,30,Rajahmundry
290,2019-10-18,Moderate or heavy rain shower,87,30,Rajahmundry
291,2019-10-19,Patchy rain possible,87,30,Rajahmundry
292,2019-10-20,Patchy rain possible,86,30,Rajahmundry
293,2019-10-21,Patchy rain possible,88,31,Rajahmundry
294,2019-10-22,Light rain shower,80,27,Rajahmundry
295,2019-10-23,Torrential rain shower,83,28,Rajahmundry
296,2019-10-24,Moderate or heavy rain shower,82,28,Rajahmundry
297,2019-10-25,Light rain shower,78,26,Rajahmundry
298,2019-10-26,Torrential rain shower,87,31,Rajahmundry
299,2019-10-27,Moderate or heavy rain shower,86,30,Rajahmundry
300,2019-10-28,Partly cloudy,87,31,Rajahmundry
301,2019-10-29,Moderate or heavy rain shower,87,30,Rajahmundry
302,2019-10-30,Partly cloudy,87,31,Rajahmundry
303,2019-10-31,Patchy rain possible,87,31,Rajahmundry
304,2019-11-01,Moderate or heavy rain shower,86,30,Rajahmundry
305,2019-11-02,Torrential rain shower,86,30,Rajahmundry
306,2019-11-03,Patchy rain possible,86,30,Rajahmundry
307,2019-11-04,Partly cloudy,89,32,Rajahmundry
308,2019-11-05,Partly cloudy,90,32,Rajahmundry
309,2019-11-06,Patchy rain possible,89,31,Rajahmundry
310,2019-11-07,Overcast,88,31,Rajahmundry
311,2019-11-08,Partly cloudy,85,29,Rajahmundry
312,2019-11-09,Partly cloudy,86,30,Rajahmundry
313,2019-11-10,Cloudy,87,31,Rajahmundry
314,2019-11-11,Patchy rain possible,89,32,Rajahmundry
315,2019-11-12,Light rain shower,87,30,Rajahmundry
316,2019-11-13,Patchy rain possible,85,29,Rajahmundry
317,2019-11-14,Partly cloudy,83,29,Rajahmundry
318,2019-11-15,Partly cloudy,85,29,Rajahmundry
319,2019-11-16,Partly cloudy,89,32,Rajahmundry
320,2019-11-17,Partly cloudy,88,31,Rajahmundry
321,2019-11-18,Partly cloudy,88,31,Rajahmundry
322,2019-11-19,Cloudy,86,30,Rajahmundry
323,2019-11-20,Partly cloudy,84,29,Rajahmundry
324,2019-11-21,Partly cloudy,84,29,Rajahmundry
325,2019-11-22,Partly cloudy,84,29,Rajahmundry
326,2019-11-23,Partly cloudy,84,29,Rajahmundry
327,2019-11-24,Partly cloudy,84,29,Rajahmundry
328,2019-11-25,Partly cloudy,84,29,Rajahmundry
329,2019-11-26,Partly cloudy,84,29,Rajahmundry
330,2019-11-27,Partly cloudy,83,29,Rajahmundry
331,2019-11-28,Partly cloudy,85,29,Rajahmundry
332,2019-11-29,Partly cloudy,86,30,Rajahmundry
333,2019-11-30,Sunny,87,30,Rajahmundry
334,2019-12-01,Partly cloudy,87,30,Rajahmundry
335,2019-12-02,Cloudy,80,26,Rajahmundry
336,2019-12-03,Cloudy,85,29,Rajahmundry
337,2019-12-04,Partly cloudy,84,29,Rajahmundry
338,2019-12-05,Partly cloudy,82,28,Rajahmundry
339,2019-12-06,Sunny,81,27,Rajahmundry
340,2019-12-07,Partly cloudy,83,29,Rajahmundry
341,2019-12-08,Partly cloudy,85,29,Rajahmundry
342,2019-12-09,Patchy rain possible,83,29,Rajahmundry
343,2019-12-10,Patchy rain possible,84,29,Rajahmundry
344,2019-12-11,Cloudy,83,28,Rajahmundry
345,2019-12-12,Patchy rain possible,83,29,Rajahmundry
346,2019-12-13,Partly cloudy,84,29,Rajahmundry
347,2019-12-14,Light rain shower,84,29,Rajahmundry
348,2019-12-15,Partly cloudy,84,29,Rajahmundry
349,2019-12-16,Partly cloudy,85,29,Rajahmundry
350,2019-12-17,Partly cloudy,85,29,Rajahmundry
351,2019-12-18,Partly cloudy,85,29,Rajahmundry
352,2019-12-19,Patchy rain possible,85,30,Rajahmundry
353,2019-12-20,Partly cloudy,85,30,Rajahmundry
354,2019-12-21,Partly cloudy,85,29,Rajahmundry
355,2019-12-22,Partly cloudy,83,28,Rajahmundry
356,2019-12-23,Partly cloudy,83,29,Rajahmundry
357,2019-12-24,Partly cloudy,82,28,Rajahmundry
358,2019-12-25,Partly cloudy,84,29,Rajahmundry
359,2019-12-26,Partly cloudy,84,29,Rajahmundry
360,2019-12-27,Cloudy,82,28,Rajahmundry
361,2019-12-28,Moderate rain at times,83,29,Rajahmundry
362,2019-12-29,Partly cloudy,81,27,Rajahmundry
363,2019-12-30,Cloudy,80,27,Rajahmundry
364,2019-12-31,Partly cloudy,80,27,Rajahmundry
365,2020-01-01,Partly cloudy,83,28,Rajahmundry
366,2020-01-02,Light rain shower,83,28,Rajahmundry
367,2020-01-03,Moderate or heavy rain shower,85,30,Rajahmundry
368,2020-01-04,Patchy rain possible,87,30,Rajahmundry
369,2020-01-05,Light rain shower,85,29,Rajahmundry
370,2020-01-06,Partly cloudy,83,29,Rajahmundry
371,2020-01-07,Patchy rain possible,82,28,Rajahmundry
372,2020-01-08,Cloudy,84,29,Rajahmundry
373,2020-01-09,Patchy rain possible,86,30,Rajahmundry
374,2020-01-10,Light rain shower,83,28,Rajahmundry
375,2020-01-11,Patchy rain possible,86,30,Rajahmundry
376,2020-01-12,Sunny,90,32,Rajahmundry
377,2020-01-13,Sunny,89,32,Rajahmundry
378,2020-01-14,Partly cloudy,87,31,Rajahmundry
379,2020-01-15,Sunny,85,29,Rajahmundry
380,2020-01-16,Patchy rain possible,82,28,Rajahmundry
381,2020-01-17,Patchy rain possible,83,29,Rajahmundry
382,2020-01-18,Partly cloudy,86,30,Rajahmundry
383,2020-01-19,Partly cloudy,89,32,Rajahmundry
384,2020-01-20,Partly cloudy,88,31,Rajahmundry
385,2020-01-21,Partly cloudy,88,31,Rajahmundry
386,2020-01-22,Partly cloudy,89,32,Rajahmundry
387,2020-01-23,Partly cloudy,90,32,Rajahmundry
388,2020-01-24,Partly cloudy,91,33,Rajahmundry
389,2020-01-25,Partly cloudy,88,31,Rajahmundry
390,2020-01-26,Partly cloudy,89,32,Rajahmundry
391,2020-01-27,Partly cloudy,90,32,Rajahmundry
392,2020-01-28,Patchy rain possible,85,30,Rajahmundry
393,2020-01-29,Partly cloudy,90,32,Rajahmundry
394,2020-01-30,Partly cloudy,91,33,Rajahmundry
395,2020-01-31,Light rain shower,89,32,Rajahmundry
396,2020-02-01,Patchy rain possible,90,32,Rajahmundry
397,2020-02-02,Light rain shower,86,30,Rajahmundry
398,2020-02-03,Patchy rain possible,87,31,Rajahmundry
399,2020-02-04,Light rain shower,85,30,Rajahmundry
400,2020-02-05,Partly cloudy,90,32,Rajahmundry
401,2020-02-06,Partly cloudy,91,33,Rajahmundry
402,2020-02-07,Partly cloudy,89,32,Rajahmundry
403,2020-02-08,Patchy rain possible,87,30,Rajahmundry
404,2020-02-09,Light rain shower,84,29,Rajahmundry
405,2020-02-10,Patchy rain possible,80,27,Rajahmundry
406,2020-02-11,Partly cloudy,87,31,Rajahmundry
407,2020-02-12,Patchy rain possible,87,30,Rajahmundry
408,2020-02-13,Partly cloudy,94,35,Rajahmundry
409,2020-02-14,Partly cloudy,98,36,Rajahmundry
410,2020-02-15,Partly cloudy,97,36,Rajahmundry
411,2020-02-16,Partly cloudy,94,35,Rajahmundry
412,2020-02-17,Partly cloudy,93,34,Rajahmundry
413,2020-02-18,Partly cloudy,93,34,Rajahmundry
414,2020-02-19,Partly cloudy,93,34,Rajahmundry
415,2020-02-20,Partly cloudy,92,34,Rajahmundry
416,2020-02-21,Sunny,92,33,Rajahmundry
417,2020-02-22,Partly cloudy,92,33,Rajahmundry
418,2020-02-23,Partly cloudy,95,35,Rajahmundry
419,2020-02-24,Partly cloudy,95,35,Rajahmundry
420,2020-02-25,Partly cloudy,92,34,Rajahmundry
421,2020-02-26,Patchy rain possible,90,32,Rajahmundry
422,2020-02-27,Light rain shower,90,32,Rajahmundry
423,2020-02-28,Partly cloudy,93,34,Rajahmundry
424,2020-03-01,Partly cloudy,96,36,Rajahmundry
425,2020-03-02,Partly cloudy,95,35,Rajahmundry
426,2020-03-03,Partly cloudy,100,38,Rajahmundry
427,2020-03-04,Patchy rain possible,93,34,Rajahmundry
428,2020-03-05,Partly cloudy,93,34,Rajahmundry
429,2020-03-06,Moderate or heavy rain shower,88,31,Rajahmundry
430,2020-03-07,Torrential rain shower,85,30,Rajahmundry
431,2020-03-08,Cloudy,94,34,Rajahmundry
432,2020-03-09,Partly cloudy,94,34,Rajahmundry
433,2020-03-10,Partly cloudy,96,36,Rajahmundry
434,2020-03-11,Partly cloudy,96,35,Rajahmundry
435,2020-03-12,Partly cloudy,98,37,Rajahmundry
436,2020-03-13,Partly cloudy,100,38,Rajahmundry
437,2020-03-14,Partly cloudy,100,38,Rajahmundry
438,2020-03-15,Partly cloudy,95,35,Rajahmundry
439,2020-03-16,Partly cloudy,100,38,Rajahmundry
440,2020-03-17,Partly cloudy,101,38,Rajahmundry
441,2020-03-18,Partly cloudy,101,38,Rajahmundry
442,2020-03-19,Patchy rain possible,102,39,Rajahmundry
443,2020-03-20,Partly cloudy,100,38,Rajahmundry
444,2020-03-21,Partly cloudy,99,37,Rajahmundry
445,2020-03-22,Patchy rain possible,94,34,Rajahmundry
446,2020-03-23,Patchy rain possible,95,35,Rajahmundry
447,2020-03-24,Partly cloudy,101,38,Rajahmundry
448,2020-03-25,Cloudy,98,37,Rajahmundry
449,2020-03-26,Partly cloudy,105,40,Rajahmundry
450,2020-03-27,Partly cloudy,107,42,Rajahmundry
451,2020-03-28,Partly cloudy,109,43,Rajahmundry
452,2020-03-29,Partly cloudy,109,43,Rajahmundry
453,2020-03-30,Partly cloudy,109,43,Rajahmundry
454,2020-03-31,Partly cloudy,107,42,Rajahmundry
455,2020-04-01,Partly cloudy,107,41,Rajahmundry
456,2020-04-02,Partly cloudy,108,42,Rajahmundry
457,2020-04-03,Partly cloudy,104,40,Rajahmundry
458,2020-04-04,Partly cloudy,106,41,Rajahmundry
459,2020-04-05,Partly cloudy,106,41,Rajahmundry
460,2020-04-06,Partly cloudy,105,41,Rajahmundry
461,2020-04-07,Patchy rain possible,101,38,Rajahmundry
462,2020-04-08,Patchy rain possible,107,42,Rajahmundry
463,2020-04-09,Heavy rain at times,101,38,Rajahmundry
464,2020-04-10,Partly cloudy,102,39,Rajahmundry
465,2020-04-11,Partly cloudy,103,40,Rajahmundry
466,2020-04-12,Partly cloudy,103,40,Rajahmundry
467,2020-04-13,Partly cloudy,107,42,Rajahmundry
468,2020-04-14,Partly cloudy,105,41,Rajahmundry
469,2020-04-15,Partly cloudy,105,40,Rajahmundry
470,2020-04-16,Partly cloudy,104,40,Rajahmundry
471,2020-04-17,Patchy rain possible,104,40,Rajahmundry
472,2020-04-18,Moderate or heavy rain shower,105,40,Rajahmundry
473,2020-04-19,Heavy rain at times,105,41,Rajahmundry
474,2020-04-20,Patchy rain possible,104,40,Rajahmundry
475,2020-04-21,Partly cloudy,102,39,Rajahmundry
476,2020-04-22,Partly cloudy,103,40,Rajahmundry
477,2020-04-23,Partly cloudy,102,39,Rajahmundry
478,2020-04-24,Partly cloudy,102,39,Rajahmundry
479,2020-04-25,Thundery outbreaks possible,102,39,Rajahmundry
480,2020-04-26,Moderate or heavy rain shower,94,34,Rajahmundry
481,2020-04-27,Moderate or heavy rain shower,96,35,Rajahmundry
482,2020-04-28,Heavy rain at times,100,38,Rajahmundry
483,2020-04-29,Partly cloudy,101,39,Rajahmundry
484,2020-04-30,Partly cloudy,103,39,Rajahmundry
485,2020-05-01,Thundery outbreaks possible,102,39,Rajahmundry
486,2020-05-02,Moderate or heavy rain shower,101,38,Rajahmundry
487,2020-05-03,Torrential rain shower,105,41,Rajahmundry
488,2020-05-04,Partly cloudy,102,39,Rajahmundry
489,2020-05-05,Partly cloudy,104,40,Rajahmundry
490,2020-05-06,Moderate or heavy rain shower,103,40,Rajahmundry
491,2020-05-07,Partly cloudy,104,40,Rajahmundry
492,2020-05-08,Partly cloudy,107,42,Rajahmundry
493,2020-05-09,Partly cloudy,108,42,Rajahmundry
494,2020-05-10,Partly cloudy,107,42,Rajahmundry
495,2020-05-11,Partly cloudy,106,41,Rajahmundry
496,2020-05-12,Patchy rain possible,105,40,Rajahmundry
497,2020-05-13,Partly cloudy,105,41,Rajahmundry
498,2020-05-14,Partly cloudy,106,41,Rajahmundry
499,2020-05-15,Patchy rain possible,107,42,Rajahmundry
500,2020-05-16,Partly cloudy,103,40,Rajahmundry
501,2020-05-17,Partly cloudy,110,43,Rajahmundry
502,2020-05-18,Partly cloudy,101,38,Rajahmundry
503,2020-05-19,Partly cloudy,108,42,Rajahmundry
504,2020-05-20,Sunny,112,44,Rajahmundry
505,2020-05-21,Sunny,113,45,Rajahmundry
506,2020-05-22,Sunny,117,47,Rajahmundry
507,2020-05-23,Partly cloudy,109,43,Rajahmundry
508,2020-05-24,Patchy rain possible,107,42,Rajahmundry
509,2020-05-25,Patchy rain possible,106,41,Rajahmundry
510,2020-05-26,Patchy rain possible,107,41,Rajahmundry
511,2020-05-27,Partly cloudy,108,42,Rajahmundry
512,2020-05-28,Thundery outbreaks possible,109,43,Rajahmundry
513,2020-05-29,Partly cloudy,109,43,Rajahmundry
514,2020-05-30,Partly cloudy,107,42,Rajahmundry
515,2020-05-31,Moderate rain at times,103,39,Rajahmundry
516,2020-06-01,Partly cloudy,102,39,Rajahmundry
517,2020-06-02,Patchy rain possible,101,38,Rajahmundry
518,2020-06-03,Patchy rain possible,103,39,Rajahmundry
519,2020-06-04,Moderate or heavy rain shower,102,39,Rajahmundry
520,2020-06-05,Patchy rain possible,102,39,Rajahmundry
521,2020-06-06,Partly cloudy,104,40,Rajahmundry
522,2020-06-07,Patchy rain possible,103,39,Rajahmundry
523,2020-06-08,Partly cloudy,103,40,Rajahmundry
524,2020-06-09,Patchy rain possible,105,41,Rajahmundry
525,2020-06-10,Moderate or heavy rain shower,97,36,Rajahmundry
526,2020-06-11,Light rain shower,81,27,Rajahmundry
527,2020-06-12,Moderate or heavy rain shower,86,30,Rajahmundry
528,2020-06-13,Partly cloudy,94,34,Rajahmundry
529,2020-06-14,Cloudy,95,35,Rajahmundry
530,2020-06-15,Cloudy,95,35,Rajahmundry
531,2020-06-16,Light rain shower,93,34,Rajahmundry
532,2020-06-17,Moderate or heavy rain shower,91,33,Rajahmundry
533,2020-06-18,Torrential rain shower,90,32,Rajahmundry
534,2020-06-19,Light rain shower,91,33,Rajahmundry
535,2020-06-20,Thundery outbreaks possible,94,34,Rajahmundry
536,2020-06-21,Moderate or heavy rain shower,94,34,Rajahmundry
537,2020-06-22,Moderate or heavy rain shower,84,29,Rajahmundry
538,2020-06-23,Thundery outbreaks possible,97,36,Rajahmundry
539,2020-06-24,Moderate or heavy rain shower,96,35,Rajahmundry
540,2020-06-25,Light rain shower,94,35,Rajahmundry
541,2020-06-26,Light rain shower,93,34,Rajahmundry
542,2020-06-27,Patchy rain possible,94,34,Rajahmundry
543,2020-06-28,Thundery outbreaks possible,94,35,Rajahmundry
544,2020-06-29,Moderate or heavy rain shower,96,36,Rajahmundry
545,2020-06-30,Moderate or heavy rain shower,93,34,Rajahmundry
